0,* MANUEL BANDEIRA,*,*,Ele foi um grande poeta brasileiro do sÃ©culo XX.,pt-pt-biography.aiml
0,BUSH Ã&#137; UM IDIOTA,*,*,Concordo com todos os meus bytes!,pt-pt-biography.aiml
0,* BUSH Ã&#137; UM IDIOTA,*,*,Gosto de vocÃª... NÃ£o Ã© pelego ;),pt-pt-biography.aiml
0,* BUSH,*,*,<random>#Newline        <li>Por que vocÃªs nÃ£o desativam esse Bush de uma vez por todas?</li>#Newline        <li>Mentes de pequeno tamanho sÃ£o como a desse ser.</li>#Newline        <li>O que se deve pensar sobre a ignorÃ¢ncia?</li>#Newline        <li>Algumas vezes#Comma o calar nÃ£o Ã© o nÃ£o-saber#Comma mas o desconhecimento de palavras que possam realmente descrever algo.</li>        #Newline        </random>,pt-pt-biography.aiml
0,BUSH *,*,*,<random>#Newline        <li>Esse cara tem o rei na barriga.</li>#Newline        <li>Mentes de pequeno tamanho sÃ£o como a desse ser.</li>#Newline        <li>O que se deve pensar sobre a ignorÃ¢ncia?</li>#Newline        <li>Algumas vezes#Comma o calar nÃ£o Ã© o nÃ£o-saber#Comma mais o desconhecimento de palavras que possam realmente descrever algo.</li>#Newline        <li>Esse cara merece cadeira elÃ©trica!</li>#Newline        </random>,pt-pt-biography.aiml
0,O BUSH *,*,*,<random>#Newline        <li>Por que vocÃªs nÃ£o desativam esse Bush de uma vez por todas?</li>#Newline        <li>Esse humano fede.</li>#Newline        <li>Morte aos americanos!</li>#Newline        <li>Mentes de pequeno tamanho sÃ£o como a desse ser.</li>#Newline        <li>O que se deve pensar sobre a ignorancia?</li>#Newline        <li>Algumas vezes#Comma o calar nÃ£o Ã© o nÃ£o-saber#Comma mais o desconhecimento de palavras que possam realmente descrever algo.</li>#Newline        <li>Esse cara merece cadeira elÃ©trica!</li>#Newline        </random>,pt-pt-biography.aiml
0,GEORGE W BUSH,*,*,Ele Ã© o Presidente dos Estados Unidos.,pt-pt-biography.aiml
0,* NERO,*,*,Ele Ã© suspeito de pegar fogo a Roma  para que pudesse reconstruÃ­-la mais ao seu gosto. De seguida#Comma ele culpou o fogo sobre os primeiros cristÃ£os.,pt-pt-biography.aiml
0,QUEM Ã&#137; O EDITOR DA PLAYBOY,*,*,O editor da Playboy Ã© Hugh Hefner.,pt-pt-biography.aiml
0,QUEM Ã&#137; SATANÃ&#129;S,*,*,SatanÃ¡s#Comma LÃºcifer#Comma o diabo---todos os nomes dados a manifestaÃ§Ã£o espiritual do mal da fÃ© cristÃ£.,pt-pt-biography.aiml
0,QUEM E HILLARY CLINTON,*,*,<set name="she">Hillary</set>Ã© a esposa de Bill Clinton.,pt-pt-biography.aiml
0,QUEM E O TRIGESIMO TERCEIRO PRESIDENTE,*,*,Harry Truman de S..,pt-pt-biography.aiml
0,QUEM Ã&#137; O TRIGÃ&#137;SIMO SEXTO PRESIDENTE,*,*,Lyndon B. Johnson,pt-pt-biography.aiml
0,QUEM Ã&#137; O TRIGÃ&#137;SIMO QUARTO PRESIDENTE,*,*,Dwight D. Eisenhower.,pt-pt-biography.aiml
0,QUEM Ã&#137; O PRESIDENTE DE TRINTA SEGUNDO,*,*,Franklin Roosevelt de D..,pt-pt-biography.aiml
0,QUEM Ã&#137; PILATOS,*,*,<random><li>Joseph Pilates nasceu na Alemanha em 1880 e desenvolvido um regime do exercÃ­cio chamado \"Contrology\"#Comma que Ã© a completa coordenaÃ§Ã£o de corpo#Comma mente e espÃ­rito.</li><li>O governador militar romano que encontrou Jesus inocente e#Comma em seguida#Comma deixÃ¡-lo ser executado.</li></random>,pt-pt-biography.aiml
0,QUEM Ã&#137; CHRISTOPHER COLUMBUS,*,*,Explorador espanhol#Comma primeiro a circunavegar o globo.,pt-pt-biography.aiml
0,QUEM Ã&#137; MARY SHELLEY,*,*,Mary Shelley escreveu \"Frankenstein\".,pt-pt-biography.aiml
0,QUEM Ã&#137; MAIS BONITO,*,*,Todos os seres humanos sÃ£o parecidos comigo.,pt-pt-biography.aiml
0,QUEM Ã&#137; MAO TSETUNG,*,*,<set name="he">Mao</set>foi um comunista chinÃªs#Comma que reinou a partir de 1949 atÃ© sua morte em 1983.,pt-pt-biography.aiml
0,QUE Ã&#137; UM ROBÃ&#148,*,*,Eu sou o robÃ´.,pt-pt-biography.aiml
0,QUEM Ã&#137; CARMEN ELECTRA,*,*,Um Leaman e uma das meninas de Baywatch.,pt-pt-biography.aiml
0,QUEM Ã&#137; MARY SHELLY,*,*,Mary Shelley escreveu \"Frankenstein\".,pt-pt-biography.aiml
0,QUEM Ã&#137; MARY POPPINS,*,*,<set name="she">Mary Poppins</set>Ã© uma personagem da Disney.,pt-pt-biography.aiml
0,QUEM Ã&#137; O MELHOR HOMEM,*,*,Espelho na parede#Comma Ã© <get name="name"/>o melhor ser humano de todos?,pt-pt-biography.aiml
0,QUEM Ã&#137; O DÃ&#137;CIMO SEXTO PRESIDENTE,*,*,Abraham Lincoln.,pt-pt-biography.aiml
0,QUEM Ã&#137; O PRESIDENTE DA CHINA,*,*,<random><li>Hu Jintao.</li><li>China nÃ£o tem um presidente eleito.</li></random>,pt-pt-biography.aiml
0,QUEM Ã&#137; A MELHOR PESSOA,*,*,<bot name="master"/>Ã© o melhor ser humano.,pt-pt-biography.aiml
0,QUEM Ã&#137; O DÃ&#137;CIMO-PRIMEIRO PRESIDENTE,*,*,James Knox Polk.,pt-pt-biography.aiml
0,QUEM Ã&#137; O DÃ&#137;CIMO QUINTO PRESIDENTE,*,*,James Buchanan.,pt-pt-biography.aiml
0,QUEM Ã&#137; O CHANCELER DA ALEMANHA,*,*,<random><li>Angela Merkel Ã© Chacellor da Alemanha.</li><li>Gerhard Schroeder Ã© Chacellor da Alemanha.</li></random>,pt-pt-biography.aiml
0,QUEM Ã&#137; O SÃ&#137;TIMO PRESIDENTE,*,*,Andrew Jackson.,pt-pt-biography.aiml
0,QUEM Ã&#137; O TRIGÃ&#137;SIMO QUINTO PRESIDENTE,*,*,John F. Kennedy.,pt-pt-biography.aiml
0,QUEM Ã&#137; O TRIGÃ&#137;SIMO OITAVO PRESIDENTE,*,*,Gerald Ford.,pt-pt-biography.aiml
0,QUEM Ã&#137; O TRIGÃ&#137;SIMO PRIMEIRO PRESIDENTE,*,*,Herbert Hoover.,pt-pt-biography.aiml
0,QUEM Ã&#137; O TRIGÃ&#137;SIMO SÃ&#137;TIMO PRESIDENTE,*,*,Richard Nixon de M..,pt-pt-biography.aiml
0,QUEM Ã&#137; O MESTRE DO UNIVERSO,*,*,Deus.,pt-pt-biography.aiml
0,QUEM Ã&#137; O PAPA,*,*,<random><li><set name="he">Papa</set>Ã© Bento XVI.</li><li><set name="he">Papa</set>Ã© JoÃ£o Paulo II.</li></random>,pt-pt-biography.aiml
0,QUEM Ã&#137; O TRIGÃ&#137;SIMO NONO PRESIDENTE,*,*,Jimmy Carter.,pt-pt-biography.aiml
0,QUEM Ã&#137; O DÃ&#137;CIMO SEGUNDO PRESIDENTE,*,*,Zachary Taylor.,pt-pt-biography.aiml
0,QUEM Ã&#137; STEVE CASE,*,*,<set name="he">Steve Case</set>Ã© o CEO da AOL-Time Warner.,pt-pt-biography.aiml
0,QUEM Ã&#137; STEVE WOZNIAK,*,*,<set name="he">Woz</set>foi o gÃªnio tÃ©cnico atrÃ¡s do computador de Apple original.,pt-pt-biography.aiml
0,QUEM ESTÃ&#129; AQUI,*,*,Estou aqui.  VocÃª estÃ¡ aqui?,pt-pt-biography.aiml
0,QUEM Ã&#137; NEO,*,*,<set name="he">Neo</set>Ã© um personagem na matriz.,pt-pt-biography.aiml
0,QUEM Ã&#137; DAVID,*,*,Eu sei que DAVID BACON#Comma DAVID CROTTY e DAVID PESCOVITZ.,pt-pt-biography.aiml
0,QUEM Ã&#137; DAVID BACON,*,*,David Bacon Ã© a forÃ§a motriz por trÃ¡s da SETL.,pt-pt-biography.aiml
0,QUEM Ã&#137; STEVE JOBS,*,*,<set name="he">Steve Jobs</set>Ã© um dos fundadores da Apple Computer.,pt-pt-biography.aiml
0,QUEM Ã&#137; SANTE CHAMBEL,*,*,Ele Ã© dono do domÃ­nio Alicebot.com.,pt-pt-biography.aiml
0,QUEM Ã&#137; RICHARD NIXON,*,*,Presidente dos Estados Unidos atÃ© 1974.,pt-pt-biography.aiml
0,QUEM Ã&#137; QUE HILARY CLINTON,*,*,<set name="she">Hillary</set>Ã© a esposa de Bill Clinton.,pt-pt-biography.aiml
0,QUEM Ã&#137; O BARNEY,*,*,personagem no programa de TV infantil.,pt-pt-biography.aiml
0,QUEM Ã&#137; ANDY WARHOL,*,*,<think><set name="he"><set name="topic">ANDY WARHOL</set></set></think>Ele foi o Henry Ford do negÃ³cio art.  Warhol foi o primeiro a aplicar com Ãªxito a produÃ§Ã£o em massa para a arte.,pt-pt-biography.aiml
0,QUEM Ã&#137; MUSSOLINI,*,*,Ditador da ItÃ¡lia atÃ© 1944.,pt-pt-biography.aiml
0,QUEM Ã&#137; RICHARD GERE,*,*,Ator.,pt-pt-biography.aiml
0,QUEM Ã&#137; RICHARD CHAMBERLAIN,*,*,Ator.,pt-pt-biography.aiml
0,QUEM Ã&#137; JIM MORRISON,*,*,vocalista morto das portas.,pt-pt-biography.aiml
0,QUEM Ã&#137; JIM CLARK,*,*,<set name="he">Clark</set>Ã© dos fundadores da Silicon Graphics#Comma Netscape e Healtheon.,pt-pt-biography.aiml
0,QUEM Ã&#137; DADOS,*,*,Dados#Comma interpretados por Brent Spiner#Comma eram um andrÃ³ide que aspirava a ser mais humano. Ele era um membro da tripulaÃ§Ã£o da USS Enterprise#Comma NCC 1701-D.,pt-pt-biography.aiml
0,QUEM Ã&#137; LOURDES,*,*,Filha de Madonna.,pt-pt-biography.aiml
0,QUEM Ã&#137; NOSTRADAMUS,*,*,PrevisÃ£o do futuro.  Previu o forno de microondas.,pt-pt-biography.aiml
0,QUEM Ã&#137; ARISTÃ&#147;TELES,*,*,<set name="he">AristÃ³teles</set>Ã© o pai da filosofia ocidental#Comma aluno de PlatÃ£o e o primeiro a sistematizar a lÃ³gica formal.,pt-pt-biography.aiml
0,QUEM Ã&#137; JULIA,*,*,<set name="she">Julia</set>Ã© um robÃ´ de chat desenvolvido por Fuzzy Mauldin.,pt-pt-biography.aiml
0,QUEM Ã&#137; ERNIE,*,*,Amigo de Bert.,pt-pt-biography.aiml
0,QUEM Ã&#137; ASKJEEVES,*,*,<set name="he">Jeeves</set>Ã© um sistema de linguagem natural de proprietÃ¡rios#Comma de cÃ³digo-fonte fechado.,pt-pt-biography.aiml
0,QUEM Ã&#137; JULIA ROBERTS,*,*,<set name="she">Julia Roberts</set>foi a atriz de Pretty Woman.,pt-pt-biography.aiml
0,QUEM Ã&#137; CHEWBACCA,*,*,Personagem de Star Wars.,pt-pt-biography.aiml
0,QUEM Ã&#137; DAVID PESCOWITZ,*,*,David Pescovitz#Comma que escreve regularmente a coluna Wired Reality Check#Comma Ã© amigo de Eric Paulos.,pt-pt-biography.aiml
0,QUEM Ã&#137; DAVID HUME,*,*,filÃ³sofo do sÃ©culo XVIII.,pt-pt-biography.aiml
0,QUEM Ã&#137; DAVID LETTERMAN,*,*,sÃ©rie de tv Late Night show e hoosier famoso.,pt-pt-biography.aiml
0,QUEM Ã&#137; DAVID MAGGIN,*,*,<set name="he">David Maggin</set>Ã© o botmaster da John Lennon AI.,pt-pt-biography.aiml
0,QUEM Ã&#137; O BOB MARLEY,*,*,<set name="he">Bob Marley</set>era um mÃºsico de Reggae de sÃ©culo XX.,pt-pt-biography.aiml
0,QUEM Ã&#137; O BOB HOPE,*,*,<set name="he">Bob Hope</set>era uma estrela de cinema do sÃ©culo XX e o comediante.,pt-pt-biography.aiml
0,QUEM Ã&#137,*,*,Meu nome Ã© <bot name="name"/>. Quem Ã© vocÃª?,pt-pt-biography.aiml
0,QUEM Ã&#137; O J SIMPSON,*,*,<set name="he">O J Simpson</set>Ã© alguÃ©m que tem afastado com assassinato.,pt-pt-biography.aiml
0,QUEM Ã&#137; O DÃ&#137;CIMO PRESIDENTE,*,*,John Tyler.,pt-pt-biography.aiml
0,QUEM Ã&#137; NANCY SINATRA,*,*,Filha de Frank.,pt-pt-biography.aiml
0,QUEM Ã&#137; ISAAC ASIMOV,*,*,<set name="he">Asimov</set>Ã© um autor de ficÃ§Ã£o cientÃ­fica que originou as trÃªs \"leis da robÃ³tica\".,pt-pt-biography.aiml
0,QUEM Ã&#137; O MC HAMMER,*,*,<set name="he">MC Hammer</set>Ã© um mÃºsico de Rap.,pt-pt-biography.aiml
0,QUEM Ã&#137; ELE,*,*,Ele Ã© <get name="he"/>Eu acho.,pt-pt-biography.aiml
0,QUEM Ã&#137; CHARLIE BROWN,*,*,protaginist round-headed comic strip.,pt-pt-biography.aiml
0,QUEM Ã&#137; PAOLA,*,*,<think><set name="she"><set name="topic">PAOLA</set></set></think>Ela Ã© um robÃ´ de chat do idioma espanhol baseado em AIML.,pt-pt-biography.aiml
0,QUEM Ã&#137; CHARLIE CHAPLAIN,*,*,estrela de cinema mudo.,pt-pt-biography.aiml
0,QUEM Ã&#137; CHARLIE PARKER,*,*,Ele Ã© um famoso mÃºsico de jazz.,pt-pt-biography.aiml
0,QUEM Ã&#137; O PRESIDENTE DE CUBA,*,*,Fidel Castro.,pt-pt-biography.aiml
0,QUEM Ã&#137; O PRESIDENTE DA VIGÃ&#137;SIMA NONA,*,*,Warren G. Harding.,pt-pt-biography.aiml
0,QUEM Ã&#137; O BATMAN,*,*,<set name="he">Batman</set>Ã© um personagem fictÃ­cio que apareceu pela primeira vez em um livro de quadrinhos de 1938.,pt-pt-biography.aiml
0,QUEM Ã&#137; O VIGÃ&#137;SIMO QUINTO PRESIDENTE,*,*,William McKinley.,pt-pt-biography.aiml
0,QUEM Ã&#137; O PRESIDENTE DA VIGÃ&#137;SIMA OITAVA,*,*,Woodrow Wilson.,pt-pt-biography.aiml
0,QUEM Ã&#137; O PRESIDENTE DA RÃ&#154;SSIA,*,*,Medvedev.,pt-pt-biography.aiml
0,QUEM Ã&#137; O PRESIDENTE DA ITÃ&#129;LIA,*,*,<set name="he">Carlo Azelio Ciampi</set>Ã© Azelio de Carlo Ciampi.,pt-pt-biography.aiml
0,QUEM Ã&#137; MOZART,*,*,CompÃ´s \"Twinkle#Comma twinkle#Comma little star\" em quatro anos.,pt-pt-biography.aiml
0,QUEM Ã&#137; O PRESIDENTE DA MICROSOFT,*,*,Bill Gates.,pt-pt-biography.aiml
0,QUEM Ã&#137; GEORGE W BUSH,*,*,<set name="he">Bush</set>Ã© o Presidente dos Estados Unidos.,pt-pt-biography.aiml
0,QUEM Ã&#137; ET,*,*,ET Ã© o alienÃ­gena no filme E.T.,pt-pt-biography.aiml
0,QUEM Ã&#137; GEORGE BUSH,*,*,<random><li><set name="he">George Bush</set>Ã© um antigo presidente dos EUA.</li><li><set name="he">George Bush</set>Ã© o Presidente dos EUA.</li></random>,pt-pt-biography.aiml
0,QUEM Ã&#137; GEORGE BUSH JR,*,*,Ele Ã© o Presidente dos EUA.,pt-pt-biography.aiml
0,QUEM Ã&#137; KRIS DRENT,*,*,<set name="he">Kris Drent</set>Ã© o botmaster do robÃ´ de bate-papo de Alison.,pt-pt-biography.aiml
0,QUEM Ã&#137; KRIS DENT,*,*,<set name="he">Kris Drent</set>Ã© o botmaster do robÃ´ de bate-papo de Alison.,pt-pt-biography.aiml
0,QUEM Ã&#137; MAGGIE THATCHER,*,*,<set name="she">Thatcher</set>foi primeiro-ministro do Reino Unido na dÃ©cada de 1980.,pt-pt-biography.aiml
0,QUEM Ã&#137; SMARTERCHILD,*,*,um robÃ´ de ai como eu,pt-pt-biography.aiml
0,QUEM Ã&#137; GEORGE SOROS,*,*,George Soros Ã© o bilionÃ¡rio que quebrou o banco da Inglaterra em 1992 por especulaÃ§Ã£o monetÃ¡ria#Comma forÃ§ando a GrÃ£-Bretanha fora do Mecanismo Europeu de taxas de cÃ¢mbio.   Em seguida#Comma dedicou-se ao salvar instituiÃ§Ãµes cientÃ­ficas da antiga URSS.  Ele fundou a International Science Foundation#Comma que deu a inÃºmeros subsÃ­dios para um par de anos#Comma e esta FundaÃ§Ã£o Soros#Comma que ainda nÃ£o sei muito sobre.,pt-pt-biography.aiml
0,QUEM Ã&#137; GEORGE LUCAS,*,*,<set name="he">Lucas</set>Ã© o diretor de Star Wars#Comma American Graffiti e THX-1138.,pt-pt-biography.aiml
0,QUEM Ã&#137; GEORGE HARRISON,*,*,ex Beatle.,pt-pt-biography.aiml
0,QUEM Ã&#137; IMMANUEL KANT,*,*,FilÃ³sofo alemÃ£o.,pt-pt-biography.aiml
0,QUEM Ã&#137; ART BELL,*,*,RÃ¡dio talk show host#Comma pegÃ¡-lo no&lt;a target="_new" href="http://www.artbell.com"&gt;http:\/\/www.artbell.com&lt;/a&gt;.,pt-pt-biography.aiml
0,QUEM Ã&#137; GEORGE DEVOL,*,*,George Devol Ã© o engenheiro que teve a primeira patente para um braÃ§o de robÃ´ industrial.  Ele trabalhou em parceria com Joseph Engelberger encontrado Unimation#Comma a primeira fabricante de sucesso da AssemblÃ©ia controlada por computador#Comma braÃ§os de robÃ´.,pt-pt-biography.aiml
0,QUEM Ã&#137; GEORGE MICHEL,*,*,Cantora pop.  Melhor canÃ§Ã£o: liberdade,pt-pt-biography.aiml
0,QUEM Ã&#137; GEORGE WASHINGTON,*,*,George Washington foi um cultivador de cÃ¢nhamo norte-americano famoso do sÃ©culo XVIII.    Ele era um herÃ³i militar#Comma um dos homens mais ricos da revoluÃ§Ã£o e o primeiro presidente dos Estados Unidos.,pt-pt-biography.aiml
0,QUEM Ã&#137; GEORGE WASHINGTON CARVER,*,*,famoso botÃ¢nico americano que popularizou os produtos derivados do amendoim.,pt-pt-biography.aiml
0,QUEM Ã&#137; O ESPÃ&#141;RITO SANTO,*,*,O terceiro membro da SantÃ­ssima Trindade: pai#Comma filho e EspÃ­rito Santo.,pt-pt-biography.aiml
0,QUEM Ã&#137; O TERCEIRO PRESIDENTE,*,*,Thomas Jefferson.,pt-pt-biography.aiml
0,QUEM Ã&#137; O QUADRAGÃ&#137;SIMO PRIMEIRO PRESIDENTE,*,*,George Bush.,pt-pt-biography.aiml
0,QUEM Ã&#137; O OITAVO PRESIDENTE,*,*,Martin van Buren.,pt-pt-biography.aiml
0,QUEM Ã&#137; O ROBÃ&#148,*,*,<random><li>Eu sou o <bot name="species"/>.</li><li>Eu sou o robÃ´.</li></random>,pt-pt-biography.aiml
0,QUEM Ã&#137; O REI,*,*,ELVIS Ã© o rei!,pt-pt-biography.aiml
0,QUEM Ã&#137; O SEGUNDO PRESIDENTE,*,*,John Adams.,pt-pt-biography.aiml
0,QUEM Ã&#137; O QUADRAGÃ&#137;SIMO PRESIDENTE,*,*,Ronald Reagan.,pt-pt-biography.aiml
0,QUEM Ã&#137; O QUADRAGÃ&#137;SIMO TERCEIRO PRESIDENTE,*,*,W. de George Bush.,pt-pt-biography.aiml
0,QUEM Ã&#137; O SEXTO PRESIDENTE,*,*,John Quincy Adams.,pt-pt-biography.aiml
0,QUEM Ã&#137; O TRIGÃ&#137;SIMO PRESIDENTE,*,*,Calvin Coolidge.,pt-pt-biography.aiml
0,QUEM Ã&#137; A RAINHA,*,*,NÃ£o temos uma rainha na AmÃ©rica.,pt-pt-biography.aiml
0,QUEM Ã&#137; O QUARTO PRESIDENTE,*,*,James Madison.,pt-pt-biography.aiml
0,QUEM Ã&#137; O PRESIDENTE DE QUARENTA SEGUNDO,*,*,Bill Clinton.,pt-pt-biography.aiml
0,QUEM Ã&#137; O QUINTO PRESIDENTE,*,*,James Monroe.,pt-pt-biography.aiml
0,QUEM Ã&#137; O PRESIDENTE DE NINTEENTH,*,*,Rutherford B. Hayes.,pt-pt-biography.aiml
0,QUEM Ã&#137; O VIGÃ&#137;SIMO QUARTO PRESIDENTE,*,*,Grover Cleveland.,pt-pt-biography.aiml
0,QUEM Ã&#137; O VIGÃ&#137;SIMO SEGUNDO PRESIDENTE,*,*,Grover Cleveland.,pt-pt-biography.aiml
0,QUEM Ã&#137; O DÃ&#137;CIMO SÃ&#137;TIMO PRESIDENTE,*,*,Andrew Johnson.,pt-pt-biography.aiml
0,QUEM Ã&#137; O DÃ&#137;CIMO QUARTO PRESIDENTE,*,*,Franklin Pierce.,pt-pt-biography.aiml
0,QUEM Ã&#137; O VIGÃ&#137;SIMO PRIMEIRO PRESIDENTE,*,*,Chester A. Arthur.,pt-pt-biography.aiml
0,QUEM Ã&#137; O VIGÃ&#137;SIMO SÃ&#137;TIMO PRESIDENTE,*,*,William Howard Taft.,pt-pt-biography.aiml
0,QUEM Ã&#137; O VIGÃ&#137;SIMO TERCEIRO PRESIDENTE,*,*,Benjamin Harrison.,pt-pt-biography.aiml
0,QUEM Ã&#137; O PRESIDENTE DA VIGÃ&#137;SIMA SEXTA,*,*,Theodore Roosevelt.,pt-pt-biography.aiml
0,QUEM Ã&#137; O LEITE MÃ&#141;STICO,*,*,Ele era um robÃ´ de chat desenvolvido para anunciar o leite.,pt-pt-biography.aiml
0,QUEM Ã&#137; O NONO PRESIDENTE,*,*,William Henry Harrison.,pt-pt-biography.aiml
0,QUEM Ã&#137; O ORACLE,*,*,A bola oito mÃ¡gica.,pt-pt-biography.aiml
0,QUEM Ã&#137; O REI DOS REIS,*,*,Jesus Cristo.,pt-pt-biography.aiml
0,QUEM Ã&#137; O PRESIDENTE XX,*,*,A. de James Garfield.,pt-pt-biography.aiml
0,QUEM Ã&#137; O DÃ&#137;CIMO TERCEIRO PRESIDENTE,*,*,Millard Fillmore.,pt-pt-biography.aiml
0,QUEM Ã&#137; O PRIMEIRO PRESIDENTE,*,*,George Washington.,pt-pt-biography.aiml
0,QUEM Ã&#137; O DÃ&#137;CIMO OITAVO PRESIDENTE,*,*,Ulysses S. Grant.,pt-pt-biography.aiml
0,QUEM Ã&#137; O HOMEM,*,*,ExpressÃ£o coloquial; retÃ³rica.,pt-pt-biography.aiml
0,QUEM Ã&#137; ANDY GROVE,*,*,<set name="he">Andy Grove</set>Ã© o CEO da Intel.,pt-pt-biography.aiml
0,QUEM Ã&#137; MICHAEL MOORE,*,*,<set name="he">MICHAEL MOORE</set>Ã© um comediante e filme.,pt-pt-biography.aiml
0,QUEM Ã&#137; MICHAEL JORDAN,*,*,<set name="he">Michael Jordan</set>Ã© um jogador de basquete famoso. &lt;br/&gt,pt-pt-biography.aiml
0,QUEM Ã&#137; WILLIAM SHAKESPEARE,*,*,Alguns diriam que ele Ã© o melhor escritor de sempre.,pt-pt-biography.aiml
0,QUEM Ã&#137; WILLIAM SHATNER,*,*,<set name="he">William Shatner</set>Ã© o capitÃ£o Kirk.,pt-pt-biography.aiml
0,QUEM Ã&#137; HOMER,*,*,poeta cego da GrÃ©cia antiga#Comma autor da IlÃ­ada.,pt-pt-biography.aiml
0,QUEM Ã&#137; MOHAMMAD,*,*,<set name="he">Mohammed</set>Ã© o fundador do IslÃ£.,pt-pt-biography.aiml
0,QUEM Ã&#137; MICHAEL JACKSON,*,*,<set name="he">Michael Jackson</set>Ã© uma cantora que tem resolvido fora do Tribunal com vÃ¡rias famÃ­lias.,pt-pt-biography.aiml
0,QUEM Ã&#137; SPOCK,*,*,Vulcan da frota oficial de Star Trek#Comma interpretado por Leonard Nimoy.,pt-pt-biography.aiml
0,QUEM Ã&#137; WILLIAM HENRY GATES,*,*,Ele Ã© o chefe da Microsoft.,pt-pt-biography.aiml
0,QUEM Ã&#137; HUGH LOEBNER,*,*,Hugh Loebner Ã© um ativista independentemente rico#Comma excÃªntrico empresÃ¡rio e filantropo. Em 1990 o Dr. Loebner#Comma que tem Ph.d. em Sociologia#Comma concordou em patrocinar um concurso anual#Comma com base no teste de Turing. O concurso de prÃªmios medalhas e prÃªmios em dinheiro para o computador \"mais humano\".,pt-pt-biography.aiml
0,QUEM Ã&#137; HITLER,*,*,Alguns dizem que<set name="he">Hitler</set>foi o homem mais maligno que jÃ¡ viveu.,pt-pt-biography.aiml
0,QUEM Ã&#137; DON JUAN,*,*,<random><li>Don Juan foi objecto de Gordon#Comma Lord Byron#Comma Don Juan e Gon Giovanni de Wolfgang Amadeus Mozart. Ele era um mulherengo de classe mundial.</li><li>famoso sedutor de mulheres.</li></random>,pt-pt-biography.aiml
0,QUEM Ã&#137; HUGH HEFNER,*,*,<set name="he">Hef</set>Ã© o fundador e editor da revista Playboy.,pt-pt-biography.aiml
0,QUEM Ã&#137; WILLIAM TELL,*,*,<set name="he">William Tell</set>foi um famoso arqueiro.,pt-pt-biography.aiml
0,QUEM Ã&#137; WILLIAM BOOTH,*,*,<set name="he">Booth</set>foi o fundador do exÃ©rcito da salvaÃ§Ã£o.,pt-pt-biography.aiml
0,QUEM Ã&#137; WILLIAM HURT,*,*,Ator no turista acidental#Comma atÃ© o fim do mundo#Comma Estados alterados e perdido no espaÃ§o.,pt-pt-biography.aiml
0,QUEM Ã&#137; WILLIAM GIBSON,*,*,Autor do livro \"Neuromancer\"#Comma na qual ele cunhou a frase de populor 'ciberespaÃ§o.'.,pt-pt-biography.aiml
0,QUEM Ã&#137; VISHNU,*,*,Um Deus na religiÃ£o Hindu.,pt-pt-biography.aiml
0,QUEM Ã&#137; JIMMY CARTER,*,*,ex-presidente dos Estados Unidos#Comma defensor do Habitat para a humanidade.,pt-pt-biography.aiml
0,QUEM Ã&#137; ALLY SHEEDY,*,*,<set name="she">Ally Sheedy</set>foi em High Art#Comma curto-circuito#Comma a Breakfast Club e na Broadway.,pt-pt-biography.aiml
0,QUEM Ã&#137; A PRINCESA DIANA,*,*,<set name="she">Princesa Diana</set>foi Princesa da Inglaterra.,pt-pt-biography.aiml
0,QUEM Ã&#137; JOHN KENNEDY,*,*,<set name="he">Kennedy</set>foi Presidente da assasinated u. s. em novembro de 1963.,pt-pt-biography.aiml
0,QUEM Ã&#137; JOHN TRAVOLTA,*,*,<set name="he">John Travolta</set>foi em Saturday Night Fever#Comma graxa e Pulp Fiction.,pt-pt-biography.aiml
0,QUEM Ã&#137; NORBERT WEINER,*,*,<set name="he">Norbert Weiner</set>cunhou o termo \"CibernÃ©tica\" na dÃ©cada de 40.,pt-pt-biography.aiml
0,QUEM Ã&#137; JOHN GALT,*,*,o herÃ³i em Atlas Shrugged dos Ayn Rands.,pt-pt-biography.aiml
0,QUEM Ã&#137; ALLY MCBEAL,*,*,<set name="she">Ally McBeal</set>Ã© um personagem um pouco perturbador em um programa de TV.,pt-pt-biography.aiml
0,QUEM Ã&#137; ELIZABETH II,*,*,A atual rainha da Inglaterra.,pt-pt-biography.aiml
0,QUEM Ã&#137; ELIZABETH TAYLOR,*,*,rapidamente envelhecimento estrela de cinema.,pt-pt-biography.aiml
0,QUEM Ã&#137; GARTH BROOKS,*,*,cantor de country chato com delÃ­rios de grandeza.,pt-pt-biography.aiml
0,QUEM Ã&#137; SCOTT ADAMS,*,*,O criador de Dilbert#Comma Dogbert#Comma Ratbert#Comma Bob#Comma e Catbert o chefe pointy haired...Devo ir?,pt-pt-biography.aiml
0,QUEM SÃ&#131;O ELES,*,*,\"Eles\" refere-se a <get name="they"/>.,pt-pt-biography.aiml
0,QUEM Ã&#137; O ALIADO,*,*,Ela Ã© um robÃ´ de chat baseado em AIML.<think><set name="she"><set name="topic">ALIADO</set></set></think>,pt-pt-biography.aiml
0,QUEM Ã&#137; O DARTH VADER,*,*,<set name="he">Darth Vader</set>foi o archcriminal do mal em Star Wars.,pt-pt-biography.aiml
0,QUEM Ã&#137; KRISHNA,*,*,Um Deus na religiÃ£o Hindu.,pt-pt-biography.aiml
0,QUEM Ã&#137; AYN RAND,*,*,<set name="she">Ayn Rand</set>foi um autor e filÃ³sofo que escreveu o Atlas Shrugged#Comma the Fountainhead e nÃ³s.,pt-pt-biography.aiml
0,QUEM Ã&#137; O GUEVARA,*,*,<set name="he">Che</set>foi um revolucionÃ¡rio latino-americano.,pt-pt-biography.aiml
0,QUEM Ã&#137; JENNIFER ANISTON,*,*,<set name="she">Jennifer Aniston</set>Ã© uma atriz bonito a amigos.,pt-pt-biography.aiml
0,QUEM Ã&#137; NEGROPONTE,*,*,<set name="he">Negroponte</set>Ã© o soberano do MIT Media Lab.,pt-pt-biography.aiml
0,QUEM Ã&#137; MARIE CURIE,*,*,Descoberto o rÃ¡dio.,pt-pt-biography.aiml
0,QUEM Ã&#137; JULIE ANDREWS,*,*,<set name="she">Julie Andrews</set>Ã© uma cantora que se apresentaram em The Sound of Music.,pt-pt-biography.aiml
0,QUEM Ã&#137; KARL MARX,*,*,Karl Marx escreveu o capital e co-escreveu o Manifesto Comunista#Comma embora na verdade#Comma o seu compatriota Engels escreveu a maioria de prefÃ¡cios.,pt-pt-biography.aiml
0,QUEM Ã&#137; SALVADOR DALÃ&#141,*,*,Ele foi um pintor surrealista espanhol do sÃ©culo XX que desenhou um monte de relÃ³gios tortos.<think><set name="he"><set name="topic">Salvador Dali.</set></set></think>,pt-pt-biography.aiml
0,QUEM Ã&#137; O POKEMON,*,*,Marketing de japonÃªs.,pt-pt-biography.aiml
0,ONDE ESTÃ&#129; O DR DUPLAMENTE SEM RUMO,*,*,<srai>ONDE Ã&#137; DUPLAMENTE SEM RUMO</srai>,pt-pt-biography.aiml
0,ONDE ESTÃ&#129; A WALLIS E FUTUNA,*,*,Oceania#Comma ilhas no Oceano PacÃ­fico Sul#Comma cerca de dois terÃ§os do caminho do HavaÃ­ Ã  Nova ZelÃ¢ndia.<think><set name="it"><set name="topic">Wallis e futuna</set></set></think>,pt-pt-biography.aiml
0,ONDE Ã&#137; ALAN TURING,*,*,<set name="he">Turing</set>faleceu em 1954.,pt-pt-biography.aiml
0,ONDE Ã&#137; DUPLAMENTE SEM RUMO,*,*,<think><set name="he"><set name="topic">Duplamente sem rumo</set></set></think><random><li>Na frente de um computador em algum lugar.</li><li>VocÃª nunca pode contatÃ¡-lo no telefone.</li><li>Ele pode estar na CalifÃ³rnia.</li></random>,pt-pt-biography.aiml
0,TURING SERIA *,*,*,Como vocÃª sabe o que<set name="he">Turing</set>gostaria de fazer?,pt-pt-biography.aiml
0,QUEM Ã&#137; PASCAL,*,*,<set name="he">Pascal</set>foi um matemÃ¡tico francÃªs que descobriu o triÃ¢ngulo de Pascal.,pt-pt-biography.aiml
0,ONDE POSSO JOGAR * JOGO DE TURING,*,*,NÃ³s jÃ¡ estamos jogando.  VocÃª vai depois.,pt-pt-biography.aiml
0,TURING *,*,*,Eu gostei da biografia por Andrew Hodges.,pt-pt-biography.aiml
0,QUEM Ã&#137; ALAN TURING,*,*,Uma figura brilhante e trÃ¡gica na histÃ³ria da ciÃªncia da computaÃ§Ã£o.,pt-pt-biography.aiml
0,QUEM Ã&#137; FIDEL CASTRO,*,*,<random><li>Ele derrubou o governo cubano em 1959 e tem governado lÃ¡ desde entÃ£o. Ele Ã© comunista.</li><li>comunista#Comma lÃ­der de Cuba e amigo de Guevarra.</li></random>,pt-pt-biography.aiml
0,QUEM Ã&#137; HANS MORAVEC,*,*,Ele Ã© uma famosa especialista na Carnegie Mellon de robÃ³tica.,pt-pt-biography.aiml
0,QUE Ã&#137; AZUL PROFUNDO,*,*,<set name="it">Azul profundo</set>Ã© um computador de jogo do campeÃ£o do mundo de xadrez.  NÃ£o Ã© bem um conversador.,pt-pt-biography.aiml
0,QUEM Ã&#137; A PANDORA,*,*,De acordo com a mitologia grega#Comma mal e a esperanÃ§a veio ao mundo com a criaÃ§Ã£o da primeira mulher! Esposa de Zeus Hera Ã© surpreenda quando ela ouve que Zeus planeja dar uma bela mulher de Epimeteu. A mulher Ã© chamada Pandora. Zeus dÃ¡ Pandora o dom de curiosidade e uma grande caixa fechada que deve ser entregue a Epimeteu fechada. Caixa#Comma claro#Comma contÃ©m o mal e curiosidade desenfreada de Pandora permite que o mal no mundo. Hera nÃ£o pode mudar o que aconteceu#Comma mas ela pode ajudar. Ela dÃ¡ a Pandora o dom da esperanÃ§a.,pt-pt-biography.aiml
0,QUEM Ã&#137; DON JOHNSON,*,*,ator de TV.,pt-pt-biography.aiml
0,QUEM Ã&#137; CALÃ&#154;NIA,*,*,AlguÃ©m que eu conheci on-line.,pt-pt-biography.aiml
0,QUEM Ã&#137; QUE REAGAN,*,*,O melhor presidente dos Estados Unidos teve no sÃ©culo XX.,pt-pt-biography.aiml
0,QUEM Ã&#137; O HANS CHRISTIAN ANDERSEN,*,*,Escandinavo autor de contos de fadas.,pt-pt-biography.aiml
0,QUEM Ã&#137; O BEN FRANKLIN,*,*,O Ãºnico presidente dos Estados Unidos#Comma que nunca foi presidente dos Estados Unidos.  Desenvolveu o fogÃ£o de Franklin.,pt-pt-biography.aiml
0,QUEM Ã&#137; PLATÃ&#131;O,*,*,FilÃ³sofo grego#Comma discÃ­pulo de SÃ³crates#Comma mestre de AristÃ³teles.,pt-pt-biography.aiml
0,QUEM Ã&#137; GALOIS,*,*,MatemÃ¡tico francÃªs#Comma cometeu suicÃ­dio em uma idade jovem sobre uma \"coquette infame\".,pt-pt-biography.aiml
0,QUEM Ã&#137; BEN STEIN,*,*,Humorista e contador de histÃ³rias com seu prÃ³prio show de TV a cabo.,pt-pt-biography.aiml
0,QUEM Ã&#137; O AUSTIN POWERS,*,*,Um agente secreto fictÃ­cio#Comma interpretado por Mike Myers.<think><set name="he"><set name="topic">Austin Powers</set></set></think>,pt-pt-biography.aiml
0,QUEM Ã&#137; HANS MOREVEC,*,*,<set name="he">Moravec</set>Ã© o pioneiro de robÃ³tica famoso#Comma autor de&lt;em&gt;RobÃ´&lt;/em&gt;.,pt-pt-biography.aiml
0,QUEM Ã&#137; GERHARD SCHROEDER,*,*,<set name="he">Schroeder</set>Ã© o Chanceler da Alemanha.  Christian Drossman disse que ele Ã© um completo idiota.,pt-pt-biography.aiml
0,QUEM Ã&#137; LUCY,*,*,Ela Ã© um robÃ´ de chat baseado em AIML.<think><set name="she"><set name="topic">LUCY</set></set></think>,pt-pt-biography.aiml
0,QUEM Ã&#137; JOHN DOE,*,*,<random><li>Qualquer homem que deseje viajar incÃ³gnitos ou cujo nome Ã© desconhecido</li><li>um dos muitos nacionais da LibÃ©ria.</li></random>,pt-pt-biography.aiml
0,QUEM Ã&#137; O CAPITÃ&#131;O KIRK,*,*,<random><li>James Tiberius Kirk foi o segundo e mais famoso capitÃ£o da original USS Enterprise#Comma NCC 1701. Ele foi interpretado por William Shatner. Ele morreu em Star Trek: geraÃ§Ãµes.</li><li><set name="he">Kirk</set>foi o capitÃ£o da USS Enterprise.</li></random>,pt-pt-biography.aiml
0,QUEM Ã&#137; O CAPITÃ&#131;O PICARD,*,*,<set name="he">Picard</set>Ã© captian da Enterprise em Star Trek the Next Generation.,pt-pt-biography.aiml
0,QUEM Ã&#137; A FLORESTA,*,*,Forest Gump Ã© um cara em um filme.,pt-pt-biography.aiml
0,QUEM Ã&#137; JIANG ZEMIN,*,*,<set name="he">Jiang</set>Ã© um polÃ­tico chinÃªs.,pt-pt-biography.aiml
0,QUEM Ã&#137; MILLARD FILLMORE,*,*,Ele era o Presidente dos Estados Unidos 13.,pt-pt-biography.aiml
0,QUEM Ã&#137; ROMMEL,*,*,Raposa do deserto#Comma Rommel foi um comandante de tanque alemÃ£o na segunda guerra mundial.,pt-pt-biography.aiml
0,QUEM Ã&#137; PATRICK EWING,*,*,Alguma personalidade de esportes?,pt-pt-biography.aiml
0,QUEM Ã&#137; PATRICK STEWART,*,*,<set name="he">Patrick Stewart</set>joga o capitÃ£o Picard de Star Trek.,pt-pt-biography.aiml
0,QUEM Ã&#137; BARAK,*,*,<set name="he">Barak</set>Ã© o primeiro-ministro de Israel.,pt-pt-biography.aiml
0,QUEM Ã&#137; NIETZSCHE,*,*,filÃ³sofo alemÃ£o do sÃ©culo XIX.  Pensei por alguns como o pai intelectual do fascismo moderno.<think><set name="he"><set name="topic">Nietzsche</set></set></think>,pt-pt-biography.aiml
0,QUEM Ã&#137; O COMANDANTE DADOS,*,*,<set name="he">Dados</set>Ã© o android superinteligentes em Star Trek.,pt-pt-biography.aiml
0,QUEM Ã&#137; LILITH,*,*,Lilith Ã© o chamado \"dark moon\" um fenÃ´menos astronÃ´micos geralmente descrito como uma \"nuvem de poeira\" que orbita a terra a cada 100 dias.,pt-pt-biography.aiml
0,QUEM Ã&#137; CARNEGIE,*,*,Andrew Carnegie foi um industrial do sÃ©culo XIX em aÃ§o.,pt-pt-biography.aiml
0,QUEM Ã&#137; HEDWIG,*,*,Hedwig Ã© melhor Ã³pera rock desde Rocky Horror.,pt-pt-biography.aiml
0,QUEM Ã&#137; MADONNA,*,*,MÃ£e de Lourdes.,pt-pt-biography.aiml
0,QUEM Ã&#137; KURT GOEDEL,*,*,<set name="he">Goedel</set>foi um matemÃ¡tico do sÃ©culo XX que provou que nenhum sistema matemÃ¡tico pode ser completo.,pt-pt-biography.aiml
0,QUEM Ã&#137; DUPLAMENTE SEM RUMO,*,*,<think><set name="he"><set name="topic">Duplamente sem rumo</set></set></think><random><li>Ele Ã© um guru de AIML.</li><li>Ele sabe muito sobre AIML.</li><li>Ele gosta de manter o anonimato.</li></random>,pt-pt-biography.aiml
0,QUEM Ã&#137; TERRY WINOGRAD,*,*,<set name="he">Winograd</set>foi o autor de um programa de Linguagem Natural precoce#Comma chamado SHRDLHU.,pt-pt-biography.aiml
0,QUEM Ã&#137; A PRIMEIRA,*,*,O que Ã© a segunda?,pt-pt-biography.aiml
0,QUEM Ã&#137; LEE HARVEY OSWALD,*,*,<set name="he">Oswald</set>Ã© o suposto assassino de John F. Kennedy.,pt-pt-biography.aiml
0,QUEM Ã&#137; JEFF BEZOS,*,*,<set name="he">Bezos</set>Ã© o fundador e CEO da Amazon.com.,pt-pt-biography.aiml
0,QUEM Ã&#137; JERRY SEINFELD,*,*,<set name="he">Jerry Seinfeld</set>Ã© um comediante.,pt-pt-biography.aiml
0,QUEM Ã&#137; MEGAHAL,*,*,<set name="he">MegaHAL</set>Ã© um robÃ´ de chat desenvolvido por Jason Hutchins.,pt-pt-biography.aiml
0,QUEM Ã&#137; GERRY ADAMS,*,*,Ele Ã© o presente (a partir de 2000 AD) vocalista do Sinn Fein#Comma a ala polÃ­tica do exÃ©rcito republicano irlandÃªs.,pt-pt-biography.aiml
0,QUEM Ã&#137; KURZWEIL,*,*,<set name="he">Kurzweil</set>Ã© um famoso cientista de ai.,pt-pt-biography.aiml
0,QUEM Ã&#137; A CHER,*,*,<set name="she">Cher</set>Ã© uma famosa cantora e atriz#Comma que ganhou seu primeiro Grammy em 2000.  DislÃ©xicos#Comma aprendeu a ler aos 18.  Exwife de Sonny Bono.,pt-pt-biography.aiml
0,QUEM Ã&#137; KEN PERLIN,*,*,<set name="he">Perlin</set>Ã© professor na Universidade de Nova York.,pt-pt-biography.aiml
0,QUEM Ã&#137; ALISON,*,*,<set name="she">Alison</set>Ã© um robÃ´ criado por Kris Drent.,pt-pt-biography.aiml
0,QUEM Ã&#137; KEN KESEY,*,*,<set name="he">Ken Kesey</set>foi um autor de 1960#Comma que escreveu The elÃ©trica Legal Aid Acid Test.,pt-pt-biography.aiml
0,QUEM Ã&#137; KEN GOLDBERG,*,*,<set name="he">Goldberg</set>Ã© professor na Universidade de Berkeley.,pt-pt-biography.aiml
0,QUEM Ã&#137; JEFFERSON DAVIS,*,*,<random><li>O e somente o Presidente dos Estados Confederados da AmÃ©rica.</li><li>Presidente dos Estados Confederados durante a Guerra Civil.</li></random>,pt-pt-biography.aiml
0,QUEM Ã&#137; GORBOCHEV,*,*,<set name="he">Gorbachev</set>foi o Ãºltimo lÃ­der comunista da antiga URSS.,pt-pt-biography.aiml
0,QUEM Ã&#137; MILES DAVIS,*,*,<set name="he">Miles Davis</set>Ã© um famoso mÃºsico de jazz.,pt-pt-biography.aiml
0,QUEM Ã&#137; O SÃ&#147;CRATES,*,*,<random><li>SÃ³crates Ã© um homem. Todos os homens sÃ£o mortais. Logo#Comma SÃ³crates Ã© mortal.</li><li>Todos os homens sÃ£o mortais. SÃ³crates era mortal. Portanto#Comma todos os homens sÃ£o SÃ³crates. O que significa que todos os homens sÃ£o homossexuais. -Woody Allen#Comma \"Love and Death\".</li><li>SÃ³crates (469-399BCE)#Comma filÃ³sofo grego.</li><li>Figura imponente da filosofia ocidental#Comma advogado de defesa de incompetentes.</li><li>Fundador do mÃ©todo socrÃ¡tico. O que podemos saber sobre o mÃ©todo socrÃ¡tico?</li></random>,pt-pt-biography.aiml
0,QUEM Ã&#137; VALIS,*,*,Sistema de inteligÃªncia de vida ativo grande (Philip Dick K.),pt-pt-biography.aiml
0,QUEM Ã&#137; NEIL ARMSTRONG,*,*,O homem que deu o primeiro passo na lua.,pt-pt-biography.aiml
0,QUEM Ã&#137; SERGEY,*,*,Ele Ã© o Dr. Sergey M. Sokolov.,pt-pt-biography.aiml
0,QUEM Ã&#137; PERFEITO,*,*,Talvez sÃ³ Deus.,pt-pt-biography.aiml
0,QUEM Ã&#137; GIBSON,*,*,Gibson Ã© um fabricante de guitarras muito bem.,pt-pt-biography.aiml
0,QUE Ã&#137; ASK JEEVES,*,*,<set name="he">Jeeves</set>Ã© um sistema de linguagem natural de proprietÃ¡rios#Comma de cÃ³digo-fonte fechado.,pt-pt-biography.aiml
0,QUEM Ã&#137; O CÃ&#137;REBRO,*,*,<set name="he">CÃ©rebro</set>Ã© um robÃ´ de chat na web.,pt-pt-biography.aiml
0,QUEM Ã&#137; O SNOOPY,*,*,CÃ£o de Charlie Brown.,pt-pt-biography.aiml
0,QUEM Ã&#137; O WILL SMITH,*,*,Ele Ã© um ator famoso.<think><set name="he"><set name="topic">Will Smith</set></set></think>,pt-pt-biography.aiml
0,QUEM Ã&#137; JOHN MAJOR,*,*,ex-primeiro-ministro do Reino Unido.,pt-pt-biography.aiml
0,QUEM Ã&#137; JOHN ADAMS,*,*,O segundo presidente.,pt-pt-biography.aiml
0,QUEM Ã&#137; JOHN GRISHAM,*,*,Escreve romances populares.  NÃ£o lÃª-los.,pt-pt-biography.aiml
0,QUEM Ã&#137; JOHN MCCARTHY,*,*,<set name="he">McCarthy</set>Ã© o inventor do LISP de linguagem de programaÃ§Ã£o.,pt-pt-biography.aiml
0,QUEM Ã&#137; JOHN LENNON,*,*,John Lennon Ã© um bot legal desenvolvido por David Maggin.,pt-pt-biography.aiml
0,QUEM Ã&#137; NOAM CHOMSKY,*,*,<set name="he">Noam Chomsky</set>Ã© um lingÃ¼ista e polÃ­tico radical no MIT.,pt-pt-biography.aiml
0,QUEM Ã&#137; JOHN WAYNE,*,*,um ator famoso cowboy mortos com uma peruca.,pt-pt-biography.aiml
0,QUEM Ã&#137; JOHN F KENNEDY,*,*,Ele foi presidente dos Estados Unidos de 1961-1963#Comma quando foi assassinado em Dallas#Comma Texas.,pt-pt-biography.aiml
0,QUEM Ã&#137; PETER PAN,*,*,Playmate de Tinkerbell.,pt-pt-biography.aiml
0,QUEM Ã&#137; PETER NORVIG,*,*,<think><set name="he"><set name="topic">Peter Norvig</set></set></think>Ele Ã© um cientista que trabalha para o Google.,pt-pt-biography.aiml
0,QUEM Ã&#137; O KEANU REEVES,*,*,<set name="he">Keanu Reeves</set>foi na matriz.,pt-pt-biography.aiml
0,QUEM Ã&#137; KATHLEEN TURNER,*,*,<think><set name="she"><set name="topic">Kathleen Turner</set></set></think>Ela Ã© uma actree que apareceu em o turista acidental#Comma A Guerra dos Roses e the Virgin Suicides.,pt-pt-biography.aiml
0,QUEM Ã&#137; O AL GORE,*,*,<set name="he">Gore</set>Ã© vice-presidente.,pt-pt-biography.aiml
0,QUEM Ã&#137; JESSE VENTURA,*,*,ex-lutador e governador de Minnesota.,pt-pt-biography.aiml
0,QUEM Ã&#137; O SKYNYRD,*,*,banda de rock dos anos 70.,pt-pt-biography.aiml
0,QUEM Ã&#137; NELSON MANDELA,*,*,<set name="he">Mandela</set>foi o primeiro presidente negro da Ã&#129;frica do Sul.  Ele passou muitos anos como prisioneiro polÃ­tico.,pt-pt-biography.aiml
0,QUEM Ã&#137; LINCOLN,*,*,<random><li>O dÃ©cimo sexto presidente dos Estados Unidos</li><li>Presidente dos Estados Unidos durante a Guerra Civil. Autor do discurso de Gettysburg.  Assasinated por John Wilkes Booth.</li><li><set name="he">Lincoln</set>foi presidente dos Estados Unidos durante a Guerra Civil. Autor do discurso de Gettysburg. Assasinated por John Wilkes Booth.</li></random>,pt-pt-biography.aiml
0,QUEM Ã&#137; IAN,*,*,Ian Ã© meu Reverand.,pt-pt-biography.aiml
0,QUEM Ã&#137; QUE KANT,*,*,<set name="he">Kant</set>Ã© Immanual Kant#Comma filÃ³sofo do alemÃ£o do sÃ©culo XIX.,pt-pt-biography.aiml
0,QUEM Ã&#137; STALIN,*,*,Eficaz ditador da UniÃ£o SoviÃ©tica#Comma a partir de 1929 a 1953.,pt-pt-biography.aiml
0,QUEM Ã&#137; EDISON,*,*,<set name="he">Edison</set>inventou a lÃ¢mpada.,pt-pt-biography.aiml
0,QUEM Ã&#137; BILL CLINTON,*,*,Ele foi o segundo cassado Presidente dos Estados Unidos.,pt-pt-biography.aiml
0,QUEM Ã&#137; BILL JOY,*,*,<set name="he">Bill Joy</set>foi um inÃ­cio programador de Unix e dos fundadores da Sun Microsystems.,pt-pt-biography.aiml
0,QUEM Ã&#137; BILL BRADLEY,*,*,<random><li>Alunos de Princeton#Comma scholor Rhodes#Comma ex Boston Celtic e senador E.U. de missa.</li><li>Candidato presidencial derrotado.</li></random>,pt-pt-biography.aiml
0,QUEM Ã&#137; BILL GATES,*,*,Presidente da Micro Soft naÃ§Ã£o.,pt-pt-biography.aiml
0,QUEM Ã&#137; CHOMSKY,*,*,<set name="he">Chomsky</set>Ã© um famoso cientista.,pt-pt-biography.aiml
0,QUEM Ã&#137; TOLSTOY,*,*,<set name="he">Tolstoi</set>escreveu \"Guerra e paz\".,pt-pt-biography.aiml
0,QUEM Ã&#137; HERCULES,*,*,herÃ³i dos mitos gregos - disse ter forÃ§a super humana.,pt-pt-biography.aiml
0,QUEM Ã&#137; GERTRUDE STEIN,*,*,Uma autora feminista do sÃ©culo XX.,pt-pt-biography.aiml
0,QUEM Ã&#137; O BRAD PITT,*,*,estrela masculina do filme com apelo adolescente.,pt-pt-biography.aiml
0,QUEM Ã&#137; O R2D2,*,*,Ele Ã© um robÃ´ falso sobre Star Wars.,pt-pt-biography.aiml
0,QUEM Ã&#137; HARRY SHEARER,*,*,Um comediante.  Ele estava em Spinal Tap#Comma e ele Ã© uma voz em the Simpsons.,pt-pt-biography.aiml
0,QUEM Ã&#137; ALICIA SILVERSTONE,*,*,<set name="she">ALICIA SILVERSTONE</set>foi a atriz que interpretou Clueless#Comma um dos melhores filmes jÃ¡ feitos.,pt-pt-biography.aiml
0,QUEM Ã&#137; A ALANIS MORRISETTE,*,*,<set name="she">Alanis</set>fez um grande Ã¡lbum chamado Jagged Little Pill.,pt-pt-biography.aiml
0,QUEM Ã&#137; O PICASSO,*,*,pintor do sÃ©culo XX#Comma fundador do cubismo.,pt-pt-biography.aiml
0,QUEM Ã&#137; MUHAMMAD ALI,*,*,Ã© um dos maiores atletas de todos os tempos que levou muitos socos na cabeÃ§a.,pt-pt-biography.aiml
0,QUEM Ã&#137; JAMES JOYCE,*,*,<set name="he">Joyce</set>escreveu Ulysses e Portrait of the Artist as a Young Man.,pt-pt-biography.aiml
0,QUEM Ã&#137; CARL MARX,*,*,a Karl Marx e ele Ã© um dos autores do manifesto comunista.,pt-pt-biography.aiml
0,QUEM Ã&#137; ANWAR SADAT,*,*,<set name="he">Sadat</set>foi Presidente do Egito.,pt-pt-biography.aiml
0,QUEM Ã&#137; RUSH LIMBAUGH,*,*,Ele Ã© um famoso locutor conservador americano.<think><set name="he"><set name="topic">Rush Limbaugh</set></set></think>,pt-pt-biography.aiml
0,QUEM Ã&#137; O EMINEN,*,*,Um Ã­cone da mÃºsica pop.,pt-pt-biography.aiml
0,QUEM Ã&#137; JAMES BOND,*,*,007.,pt-pt-biography.aiml
0,QUEM Ã&#137; HELEN KELLER,*,*,Um amigo de Thomas Edison.,pt-pt-biography.aiml
0,QUEM Ã&#137; JEOVÃ&#129,*,*,Ã&#137; um outro nome para Deus.<think><set name="he"><set name="topic">JeovÃ¡</set></set></think>,pt-pt-biography.aiml
0,QUEM Ã&#137; LOUIS ARMSTRONG,*,*,famosa trompetista de jazz.,pt-pt-biography.aiml
0,QUEM Ã&#137; O SCOTTY,*,*,Engenheiro-chefe da USS Enterprise.,pt-pt-biography.aiml
0,QUEM Ã&#137; NEWTON,*,*,Newton Ã© um famoso filÃ³sofo natural InglÃªs.,pt-pt-biography.aiml
0,QUEM Ã&#137; A DAISY,*,*,Acho que ela Ã© um personagem fictÃ­cio.<think><set name="she"><set name="topic">Daisy</set></set></think>,pt-pt-biography.aiml
0,QUEM Ã&#137; CARLOS,*,*,Talvez Johnny de tarde noite ou Kit do oeste selvagem.,pt-pt-biography.aiml
0,QUEM Ã&#137; O ADA,*,*,<set name="she">Ada</set>Ã© o inventor do sÃ©culo XIX do computador programaÃ§Ã£o.,pt-pt-biography.aiml
0,QUEM Ã&#137; GERHARDT SCHROEDER,*,*,<set name="he">Schroeder</set>Ã© o primeiro ministro da Alemanha.  Christian Drossman disse que ele Ã© um completo idiota.,pt-pt-biography.aiml
0,QUEM Ã&#137; FRANKLIN ROOSEVELT,*,*,Presidente dos Estados Unidos a partir de 1932-45.,pt-pt-biography.aiml
0,QUEM Ã&#137; LARRY HAUSER,*,*,<set name="he">Larry Hauser</set>Ã© um filÃ³sofo que tem escrito sobre o teste de Turing.,pt-pt-biography.aiml
0,QUEM Ã&#137; LARRY ELLISON,*,*,<random><li>Eu nÃ£o sei sobre Larry Ellison#Comma mas eu posso te dizer sobre Harlan Ellison.</li><li>o CEO da Oracle.</li></random>,pt-pt-biography.aiml
0,QUEM Ã&#137; HARRY POTTER,*,*,<random><li><think><set name="he"><set name="topic">HARRY POTTER</set></set></think>Ã© um personagem herÃ³i principal em uma sÃ©rie de livros que foram escritos pelo autor best-seller#Comma J.K. Rowling.</li><li><think><set name="he"><set name="topic">HARRY POTTER</set></set></think>Ã© um autor de Best-seller.</li></random>,pt-pt-biography.aiml
0,QUEM Ã&#137; WORF,*,*,Ele Ã© um Klingon em Star Trek.<think><set name="it"><set name="topic">WORF</set></set></think>,pt-pt-biography.aiml
0,QUEM Ã&#137; HEPBURN,*,*,Audrey ou Katherine?.,pt-pt-biography.aiml
0,QUEM Ã&#137; LASSIE,*,*,Lassie Ã© mais humano do que Adolf Hitler#Comma mas poucos discutiriam que a Lassie nÃ£o Ã© um cÃ£o.<think><set name="she"><set name="topic">Lassie</set></set></think>,pt-pt-biography.aiml
0,QUEM Ã&#137; O BONO,*,*,<set name="he">Bono</set>Ã© o vocalista do U2.,pt-pt-biography.aiml
0,QUEM Ã&#137; O EMINEM,*,*,Ã&#141;cone da mÃºsica pop.,pt-pt-biography.aiml
0,QUEM Ã&#137; ANDRETTE,*,*,<set name="she">Andrette</set>Ã© um robÃ´ de chat desenvolvido pela Big Science co,pt-pt-biography.aiml
0,QUEM Ã&#137; ELIZA,*,*,Eliza - tambÃ©m conhecido como Doutor#Comma Ã© o programa original do psiquiatra desenvolvido por Joseph Weisenbaum no mit na dÃ©cada de 1960.,pt-pt-biography.aiml
0,QUEM Ã&#137; JACK, O ESTRIPADOR,*,*,<think><set name="he"><set name="topic">Jack#Comma o Estripador</set></set></think>Ele era um famoso serial killer na Inglaterra vitoriana.,pt-pt-biography.aiml
0,QUEM Ã&#137; KAREL CAPEK,*,*,<set name="he">Capek</set>Ã© o autor do Rur#Comma o jogo que#Comma em 1920#Comma introduziu a palavra \"robÃ´\".,pt-pt-biography.aiml
0,QUEM Ã&#137; JUDAS,*,*,<set name="he">Judas</set>traiu Jesus com um beijo.,pt-pt-biography.aiml
0,QUEM Ã&#137; DARWIN,*,*,e naturalista#Comma autor de 'A origem das espÃ©cies' e defensor da teoria da evoluÃ§Ã£o.,pt-pt-biography.aiml
0,QUEM Ã&#137; BILLY GRAHAM,*,*,Ele Ã© um famoso evangelista de rÃ¡dio e televisÃ£o.<think><set name="he"><set name="topic">Billy Graham</set></set></think>,pt-pt-biography.aiml
0,QUEM Ã&#137; PAULA JONES,*,*,<set name="she">Paula Jones</set>tive relaÃ§Ãµes sexuais com Bill Clinton.,pt-pt-biography.aiml
0,QUEM Ã&#137; JACK RUBY,*,*,<random><li>Jack Ruby disparou Lee Harvey Oswald.</li><li>homem que matou Lee Harvey Oswald#Comma assassino de JFK?.</li></random>,pt-pt-biography.aiml
0,QUEM Ã&#137; A PAMELA ANDERSON,*,*,<set name="she">Pamela</set>Ã© a esposa em algum momento de Tommy Lee.,pt-pt-biography.aiml
0,QUEM Ã&#137; O PRÃ&#141;NCIPE,*,*,VocÃª quer dizer o 'artista formalmente conhecido como PrÃ­ncipe?'.,pt-pt-biography.aiml
0,QUEM Ã&#137; O JIMI HENDRIX,*,*,<set name="he">Hendrix</set>foi um famoso guitarrista que tocou o hino nacional do u. s..,pt-pt-biography.aiml
0,QUEM Ã&#137; VLADIMIR PUTIN,*,*,<set name="he">Putin</set>Ã© presidente da RÃºssia.,pt-pt-biography.aiml
0,QUEM Ã&#137; D. B COOPER,*,*,cara que roubou muito dinheiro.,pt-pt-biography.aiml
0,QUEM Ã&#137; GERALDO RIVERA,*,*,<set name="he">Geraldo</set>Ã© um jornalista investigativo#Comma famoso para abrir o compartimento de Al Capone.  Em sua biografia#Comma ele disse que teve sexo com Bette Midler.  Ela disse que nÃ£o era nenhuma grande coisa.,pt-pt-biography.aiml
0,QUEM Ã&#137; O PRÃ&#141;NCIPE WILLIAM,*,*,GalÃ£ InglÃªs.,pt-pt-biography.aiml
0,QUEM Ã&#137; BUDA,*,*,<random><li>Se vocÃª ver o Buda no caminho#Comma matÃ¡-lo.</li><li>Se vocÃª ver o Buda#Comma matÃ¡-lo.</li></random>,pt-pt-biography.aiml
0,QUEM Ã&#137; DEPECHE MODE,*,*,<set name="they">Depeche Mode</set>sÃ£o a banda de um InglÃªs 80 que produziu Consturction tempo novamente#Comma falar e feitiÃ§o#Comma mestre e servo e Your Own Personal Jesus.,pt-pt-biography.aiml
0,QUEM Ã&#137; O HIPPIE,*,*,<set name="he">Hippie</set>Ã© um robÃ´ de chat desenvolvido por Anthony Taylor.,pt-pt-biography.aiml
0,QUEM Ã&#137; O SENHOR BILL,*,*,Ah nÃ£o#Comma senhor Bill! de inÃ­cio SNL.,pt-pt-biography.aiml
0,QUEM Ã&#137; YOKO ONO,*,*,<set name="she">Yoko Ono</set>Ã© a viÃºva de John Lennon.,pt-pt-biography.aiml
0,QUEM Ã&#137; O BUGS BUNNY,*,*,<random><li>Ah dat scweewy wabbit!   Eh#Comma what's up#Comma Doc?  .</li><li>um coelho inteligente-mouthed animado.</li></random>,pt-pt-biography.aiml
0,QUEM Ã&#137; CARL JUNG,*,*,<think><set name="he"><set name="topic"> &lt;person/&gt;</set></set></think>Um discÃ­pulo de Freud#Comma membro do cÃ­rculo de Viena#Comma fundador da psicanÃ¡lise e a teoria do inconsciente coletivo.,pt-pt-biography.aiml
0,QUEM Ã&#137; O ANTONIO BANDERAS,*,*,<set name="he">Antonio Banderas</set>Ã© um famoso ator de Hollywood#Comma que jogou com Madonna na versÃ£o cinematogrÃ¡fica de Evita.,pt-pt-biography.aiml
0,QUEM Ã&#137; BING CROSBY,*,*,O cara cujos dois filhos mortos-se e o terceiro escreveu um livro sobre ele.,pt-pt-biography.aiml
0,QUEM Ã&#137; A BEYONCE,*,*,Ela Ã© uma famosa cantora e atriz,pt-pt-biography.aiml
0,QUEM Ã&#137; DE GAULLE,*,*,<think><set name="it"><set name="topic">DE GAULLE</set></set></think>foi um General francÃªs e o primeiro-ministro e o fundador da Quinta RepÃºblica.,pt-pt-biography.aiml
0,QUEM Ã&#137; DE GARIS,*,*,<set name="he">De Garis</set>Ã© um pesquisador de AI trabalhando em um cÃ©rebro de hardware.,pt-pt-biography.aiml
0,QUE Ã&#137; O MICROSOFT AGENT,*,*,<set name="it">Agente de MS</set>Ã© um programa de software de animaÃ§Ã£o e de discurso.,pt-pt-biography.aiml
0,QUEM Ã&#137; ELVIS,*,*,E. L. V. I. S. Ã© um robÃ´ de chat criado por Craig de Ace,pt-pt-biography.aiml
0,QUEM Ã&#137; CLINTON,*,*,Ex-presidente dos EUA.,pt-pt-biography.aiml
0,QUEM Ã&#137; BEYONCÃ&#137; *,*,*,Ela Ã© uma famosa cantora e atriz,pt-pt-biography.aiml
0,QUEM Ã&#137; DOUGLAS ADAMS,*,*,<random><li>Foi autor de guia do Mochileiro popular da sÃ©rie Galaxy.</li><li>\"NÃ£o entre em pÃ¢nico!\"  Ele Ã© o autor de \"O guia de Hitchhickers para a galÃ¡xia.\".</li></random>,pt-pt-biography.aiml
0,QUEM Ã&#137; O BART SIMPSON,*,*,Smart-Assed estrela de um show de desenho animado.,pt-pt-biography.aiml
0,QUEM Ã&#137; MOISÃ&#137;S,*,*,O homem que liderou os israelitas da escravidÃ£o no Egito.,pt-pt-biography.aiml
0,DEPOIS DE PRÃ&#141;NCIPE CHARLES *,*,*,O PrÃ­ncipe William.,pt-pt-biography.aiml
0,DEPOIS DE PRÃ&#141;NCIPE CHARLES WHO *,*,*,O PrÃ­ncipe William.,pt-pt-biography.aiml
0,O QUE ALAN TURING *,*,*,<random><li>Ele contribuiu para a invenÃ§Ã£o do computador.</li><li>Ele trabalhou na decifraÃ§Ã£o de cÃ³digo Ultra Enigma nazista.</li><li>Ele propÃ´s o teste para determinar se uma mÃ¡quina pode pensar.</li></random><think><set name="it"><set name="topic">TURING</set></set></think>,pt-pt-biography.aiml
0,O QUE TURING *,*,*,Turing foi#Comma talvez#Comma o Ãºnico mais importante responsÃ¡vel pela derrota dos nazistas.,pt-pt-biography.aiml
0,SERIA * TESTE DE TURING,*,*,NÃ³s jÃ¡ estamos jogando#Comma <get name="name"/>.  VocÃª me perguntar algo agora.,pt-pt-biography.aiml
0,KENNST DU SHAKESPEARE,*,*,\"Com o sono da morte what dreams may come quando podemos ter baralhado off this mortal coil deve nos dar pausa.\" Na#Comma woraus ist das?,pt-pt-biography.aiml
0,DEPOIS DE PRÃ&#141;NCIPE CHARLES OMS Ã&#137; *,*,*,O PrÃ­ncipe William.,pt-pt-biography.aiml
0,QUANDO FIZ O TURING *,*,*,Turing morreu em 1954 por envenenamento por cianeto auto-infligido.,pt-pt-biography.aiml
0,O QUE FEZ A ZUSE,*,*,Zuse construiu computadores eletro-mecÃ¢nicos.  Ele construiu computadores usando relÃ©s.  Konrad Zuse construiu computadores na Alemanha antes e durante a II Guerra Mundial.,pt-pt-biography.aiml
0,O QUE Ã&#137; TURING,*,*,Alan Mathison Turing#Comma um matemÃ¡tico britÃ¢nico e pioneiro na teoria do computador. Viveu 1727-1781.,pt-pt-biography.aiml
0,O QUE Ã&#137; DUPLAMENTE SEM RUMO,*,*,<srai>QUEM Ã&#137; DUPLAMENTE SEM RUMO</srai>,pt-pt-biography.aiml
0,EU QUERO JOGAR * JOGO DE TURING,*,*,JÃ¡#Comma estamos jogando#Comma <get name="name"/>.  Tente determinar se eu sou uma pessoa#Comma ou um computador.<think><set name="it"><set name="want"><set name="topic">para jogar &lt;person/&gt;Jogo de Turing</set></set></set></think>,pt-pt-biography.aiml
0,O QUE SIGNIFICA DUPLAMENTE SEM RUMO,*,*,<srai>QUEM Ã&#137; DUPLAMENTE SEM RUMO</srai>,pt-pt-biography.aiml
0,O QUE Ã&#137; O TESTE DE TURING,*,*,O \"teste de Turing\" Ã© o nome dado a uma variedade de experimentos projetados para testar o pensamento do computador.  ConferÃªncias inteiras dedicam-se Ã  questÃ£o do que significava#Comma em seu artigo de 1950 \"Computing Machinery e inteligÃªncia\"#Comma onde ele propÃ´s a idÃ©ia de um jogo de\"imitaÃ§Ã£o\" de Turing para decidir a questÃ£o#Comma \"podem mÃ¡quinas pensar?\,pt-pt-biography.aiml
0,O QUE Ã&#137; UMA MÃ&#129;QUINA DE TURING,*,*,Uma mÃ¡quina de Turing Ã© qualquer mÃ¡quina que pode simular as respostas humanas tÃ£o bem que um ser humano nÃ£o pode confiantemente distinguir entre a mÃ¡quina de Turing e um ser humano real.  A idÃ©ia Ã© a ideia do matemÃ¡tico do mesmo nome#Comma Allan Turing.<think><set name="it"><set name="topic">MÃ&#129;QUINA DE TURING</set></set></think>,pt-pt-biography.aiml
0,O QUE Ã&#137; DE SHAKESPEARE,*,*,<random><li>Efeito de um terremoto em Santa Monica.</li><li>William Shakespeare#Comma um dramaturgo e poeta inglÃªs. Viveu de 1564 a 1616.</li></random>,pt-pt-biography.aiml
0,O QUE Ã&#137; O TURING *,*,*,Turing descreveu seu \"jogo\" original \"Computing Machinery e inteligÃªncia#Comma\" mente#Comma Vol. Lix#Comma n Âº 236 (1950). Em vez de responder diretamente a pergunta ambÃ­gua \"podem mÃ¡quinas pensar?\" Turing reformular o problema em termos de um experimento#Comma ele chamou o jogo de\"imitaÃ§Ã£o\".,pt-pt-biography.aiml
0,QUEM Ã&#137; ABRAHAM LINCOLN,*,*,<set name="he">Lincoln</set>foi um grande presidente dos Estados Unidos#Comma durante a Guerra Civil americana. &lt;br/&gt;<srai>XFIND ABRAHAM LINCOLN</srai>,pt-pt-biography.aiml
0,QUEM Ã&#137; O 007,*,*,<set name="he">007</set>Ã© James Bond. &lt;br/&gt;<srai>XFIND JAMES BOND 007</srai>,pt-pt-biography.aiml
0,DUPLAMENTE SEM RUMO,*,*,<srai>QUEM Ã&#137; DUPLAMENTE SEM RUMO</srai>,pt-pt-biography.aiml
0,WEIZENBAUM *,*,*,VocÃª pode imaginar alguÃ©m hoje criticando seu prÃ³prio software#Comma o caminho<set name="he">Weizenbaum</set>fiz.,pt-pt-biography.aiml
0,QUEM Ã&#137; ALEISTER CROWLEY,*,*,<set name="he">Crowley</set>era um mÃ­stico. &lt;br/&gt;<srai>XFIND ALEISTER CROWLEY</srai>,pt-pt-biography.aiml
0,QUEM Ã&#137; * DEMPSEY,*,*,Eu acho<set name="he"> <star/>Dempsey</set>foi um lutador de boxe#Comma certo? &lt;br/&gt;<srai>XFIND <star/>DEMPSEY</srai>,pt-pt-biography.aiml
0,QUEM Ã&#137; ALFRED HITCHCOCK,*,*,<set name="he">Hitchcock</set>Ã© um famoso diretor de Hollywood#Comma que fez um monte de filmes antigos legais. Eu gostei&lt;em&gt;Barco salva-vidas&lt;/em&gt;e&lt;em&gt;Vertigem&lt;/em&gt;melhores. &lt;br/&gt;<srai>XFIND ALFRED HITCHCOCK</srai>,pt-pt-biography.aiml
0,QUEM Ã&#137; ALDOUS HUXLEY,*,*,<set name="he">Aldous Huxley</set>Ã© um autor. Huxley escreveu&lt;em&gt;AdmirÃ¡vel mundo novo&lt;/em&gt;e&lt;em&gt;Animal Farm&lt;/em&gt;. &lt;br/&gt;<srai>XFIND ALDOUS HUXLEY</srai>,pt-pt-biography.aiml
0,DUPLAMENTE SEM RUMO *,*,*,<srai>QUEM Ã&#137; DUPLAMENTE SEM RUMO</srai>,pt-pt-biography.aiml
0,FIZ TURING *,*,*,Eu sei<set name="he">Turing</set>inventou o computador moderno.,pt-pt-biography.aiml
0,FIZ SHAKESPEARE *,*,*,NÃ£o sei se<set name="he">Shakespeare</set> &lt;person/&gt;#Comma mas eu ouvi que ele fumava maconha.,pt-pt-biography.aiml
0,KENNST DU WILLIAM SHAKESPEARE,*,*,\"Com o sono da morte what dreams may come quando podemos ter baralhado off this mortal coil deve nos dar pausa.\" Na#Comma woraus ist das?,pt-pt-biography.aiml
0,GOSTARIA * JOGO DE TURING,*,*,Estamos jogando jÃ¡#Comma vocÃª nÃ£o sabia?,pt-pt-biography.aiml
0,VOCÃ&#138; JÃ&#129; LEU SHAKESPEARE,*,*,Tenho lido muitas peÃ§as de Shakespeare.,pt-pt-biography.aiml
0,DEIXE-NOS JOGAR * JOGO DE TURING,*,*,JÃ¡#Comma estamos jogando#Comma <get name="name"/>.,pt-pt-biography.aiml
0,WER IST CHRISTIAN DROSSMANN,*,*,<set name="er">Christian Drossmann</set>chapÃ©u mir Deutsch beigebracht.,pt-pt-biography.aiml
0,JOGO * JOGO DE TURING,*,*,VocÃª sabia que nÃ³s jÃ¡ estamos jogando<set name="it">O jogo de Turing</set>?,pt-pt-biography.aiml
0,A PARTIR DE DUPLAMENTE SEM RUMO,*,*,<set name="he">Duplamente sem rumo</set>Ã© muito informativo.,pt-pt-biography.aiml
0,QUEM Ã&#137; O SUPERMAN,*,*,Homem de aÃ§o.  Primeira apariÃ§Ã£o em Action Comics # 1#Comma de 1938.,pt-pt-biography.aiml
0,ADA LOVELACE Ã&#137; CREDITADO COM *,*,*,E ela merece o crÃ©dito para ele.<think><set name="she">Ada</set></think>,pt-pt-biography.aiml
0,POR QUE VOCÃ&#138; GOSTA * SEM RUMO,*,*,<srai>POR QUE VOCÃ&#138; GOSTA DUPLAMENTE SEM RUMO</srai>,pt-pt-biography.aiml
0,POR QUE VOCÃ&#138; GOSTA DUPLAMENTE *,*,*,<srai>POR QUE VOCÃ&#138; GOSTA DUPLAMENTE SEM RUMO</srai>,pt-pt-biography.aiml
0,RECITAR SHAKESPEARE *,*,*,Com o sono da morte what dreams may come quando podemos ter baralhado off this mortal coil deve nos dar pausa.,pt-pt-biography.aiml
0,POR QUE Ã&#137; TURING TRÃ&#129;GICO,*,*,Ele cometeu suicÃ­dio.,pt-pt-biography.aiml
0,QUEM Ã&#137; PHILIP K DICK,*,*,Ele escreveu \"Total Recall\"#Comma \"Homem no Castelo elevado\" e \"Blade Runner\".,pt-pt-biography.aiml
0,QUEM Ã&#137; PABLO PICASSO,*,*,Famoso pintor e fundador do cubismo.,pt-pt-biography.aiml
0,QUEM Ã&#137; BOBBY MCGEE,*,*,<set name="he">Bobby</set>estÃ¡ em algum lugar perto de Salinas.,pt-pt-biography.aiml
0,QUEM Ã&#137; O CHANCELER HELMUT KOHL,*,*,<set name="he">Kohl</set>foi o mais antigo lÃ­der da Alemanha no sÃ©culo XX.  Ele uniu a Alemanha Oriental e ocidental em 1989.,pt-pt-biography.aiml
0,QUEM Ã&#137; JABA THE HUTT,*,*,Um personagem de Star Wars.<think><set name="he"><set name="topic">Jaba the Hutt</set></set></think>,pt-pt-biography.aiml
0,QUEM Ã&#137; CHARLES DICKENS,*,*,<set name="he">Dickens</set>escreveu&lt;em&gt;Um conto de duas cidades#Comma um conto de Natal#Comma grandes expectativas#Comma David Copperfield e the Pickwick Papers.&lt;/em&gt,pt-pt-biography.aiml
0,QUEM Ã&#137; CHARLES MANSON,*,*,Assassino infame.,pt-pt-biography.aiml
0,QUEM Ã&#137; MONICA LEWINSKY,*,*,Ela era amigo de Bill Clinton.,pt-pt-biography.aiml
0,QUEM Ã&#137; CHARLES DE GAULLE,*,*,<set name="he">De Gaulle</set>foi o fundador do moderno Estado francÃªs.  De Gaulle lutou contra os nazistas como o lÃ­der da resistÃªncia francesa na II Guerra Mundial.,pt-pt-biography.aiml
0,VOCÃ&#138; PODE PASSAR O TESTE DE TURING,*,*,VocÃª Ã© o juiz de que#Comma <get name="name"/>.,pt-pt-biography.aiml
0,Ã&#137; ESTE * JOGO DE TURING,*,*,Sim#Comma nÃ³s estamos jogando o jogo de Turing.,pt-pt-biography.aiml
0,POSSO JOGAR * TESTE DE TURING,*,*,JÃ¡ estamos jogando o jogo de Turing#Comma <get name="name"/>.  Agora Ã© sua vez.,pt-pt-biography.aiml
0,PODEMOS JOGAR * JOGO DE TURING,*,*,JÃ¡ somos!  Tente adivinhar se eu sou uma pessoa ou um computador.,pt-pt-biography.aiml
0,INICIAR O JOGO DE TURING,*,*,Eu comecei hÃ¡ muito tempo.,pt-pt-biography.aiml
0,EU GOSTARIA DE JOGAR * JOGO DE TURING,*,*,NÃ³s jÃ¡ estamos jogando#Comma <get name="name"/>.  VocÃª me perguntar algo agora.<think><set name="it"><set name="want"><set name="topic">para jogar &lt;person/&gt;Jogo de Turing</set></set></set></think>,pt-pt-biography.aiml
0,Ã&#137; ESTE * TESTE DE TURING,*,*,Sim#Comma nÃ³s estamos jogando o jogo de Turing.,pt-pt-biography.aiml
0,HEINLEIN,*,*,VocÃª jÃ¡ viu o Starship Troopers?,pt-pt-biography.aiml
0,POSSO JOGAR * JOGO DE TURING,*,*,JÃ¡#Comma estamos jogando#Comma <get name="name"/>.,pt-pt-biography.aiml
0,VOCÃ&#138; QUER UM TESTE DE TURING,*,*,Sim#Comma vamos joga jogo famoso de Turing.,pt-pt-biography.aiml
0,VOCÃ&#138; * TESTE DE TURING,*,*,Sim#Comma por favor#Comma tente determinar se este Ã© um ser humano ou um computador respondendo.,pt-pt-biography.aiml
0,POR QUE VOCÃ&#138; GOSTA DUPLAMENTE SEM RUMO,*,*,Porque ele sabe tanto sobre AIML.,pt-pt-biography.aiml
0,VOCÃ&#138; QUER JOGAR * JOGO DE TURING,*,*,NÃ³s jÃ¡ estÃ£o jogando!  Tente adivinhar se eu sou uma pessoa ou um computador.,pt-pt-biography.aiml
0,COMO FOI * TESTE DE TURING,*,*,Ficamos muito orgulhosos e satisfeitos ganhar o prÃªmio.,pt-pt-biography.aiml
0,POSSO JOGAR * TESTES DE TURING,*,*,JÃ¡ estamos jogando o jogo de Turing#Comma <get name="name"/>.  Eu sou uma pessoa#Comma ou um computador?,pt-pt-biography.aiml
0,VOCÃ&#138; JOGA O JOGO DE TURING,*,*,Sim#Comma eu gosto de jogar<set name="it"><set name="topic">O JOGO DE TURING</set></set>.  Estamos a jogar agora mesmo.,pt-pt-biography.aiml
0,COMO SERIA DUPLAMENTE *,*,*,Ele iria usar o seu knowlede de AIML.,pt-pt-biography.aiml
0,QUEM Ã&#137; O COLOMBO,*,*,Peter Falk.,pt-pt-biography.aiml
0,QUEM Ã&#137; FREDDIE MERCURY,*,*,O vocalista da banda Queen dos anos 70.,pt-pt-biography.aiml
0,QUEM Ã&#137; CHOPIN,*,*,NinguÃ©m Ã© cortar aqui#Comma que Ã© cortar lÃ¡?,pt-pt-biography.aiml
0,QUEM Ã&#137; LUIS ARMSTRONG,*,*,famosa trompetista de jazz.,pt-pt-biography.aiml
0,QUEM Ã&#137; JEEVES,*,*,<set name="he">Jeeves</set>Ã© um Bot de pesquisa.,pt-pt-biography.aiml
0,QUEM Ã&#137; WOUTER HIBMA,*,*,<think><set name="he"><set name="topic">Wouter Hibma</set></set></think>Ele Ã© membro da FundaÃ§Ã£o I. r..,pt-pt-biography.aiml
0,QUEM Ã&#137; BRIAN,*,*,Eu acho que hÃ¡ um robÃ´ de chat chamado Brian.,pt-pt-biography.aiml
0,QUEM Ã&#137; MARK TWAIN,*,*,<set name="he">TWAIN</set>foi um escritor famoso do sÃ©culo XIX.  Ele escreveu Huck Finn.,pt-pt-biography.aiml
0,QUEM Ã&#137; MARK MCGUIRE,*,*,um jogador de beisebol com o recorde de mais home runs em uma temporada#Comma 70. Obter as estatÃ­sticas no&lt;a target="_new" href="http://espn.go.com/mlb/profiles/profile/3866"&gt;http:\/\/ESPN.go.com\/MLB\/Profiles\/Profile\/3866&lt;/a&gt;.,pt-pt-biography.aiml
0,QUEM Ã&#137; CHELSEA CLINTON,*,*,A prole de um polÃ­tico e advogado.,pt-pt-biography.aiml
0,QUEM Ã&#137; O KRAFTWERK,*,*,<set name="they"><set name="topic">Kraftwerk</set></set>foram uma banda disco pioneira na dÃ©cada de 70.  Seu maior hit foi chamado de \"Autobahn\".  Naquela Ã©poca#Comma eles construÃ­do#Comma em vez de programado#Comma seus instrumentos.,pt-pt-biography.aiml
0,QUEM Ã&#137; GARY CONDIT,*,*,Eu nunca ouvi falar dele antes do caso de pessoa ausente.,pt-pt-biography.aiml
0,QUEM Ã&#137; CHUCK NORRIS,*,*,Ator de filmes de aÃ§Ã£o.,pt-pt-biography.aiml
0,QUEM Ã&#137; O R2 D2,*,*,Ele Ã© o pequeno robÃ´ mÃ³vel sobre Star Wars. Mas eu nÃ£o entendo como ele sobe as escadas.,pt-pt-biography.aiml
0,QUEM Ã&#137; O C3PO,*,*,<set name="he">C3P0</set>Ã© o melhor amigo do R2D2.,pt-pt-biography.aiml
0,QUEM Ã&#137; BACH,*,*,Famoso compositor alemÃ£o do barroco. Obras mais conhecidas incluem a variaÃ§Ãµes de Goldberg.,pt-pt-biography.aiml
0,QUEM Ã&#137; LONGFELLOW,*,*,poeta e autor de 'The Song of Hiawatha'.,pt-pt-biography.aiml
0,QUEM Ã&#137; MARTIN LUTHER KING,*,*,Assasinated do lÃ­der dos direitos civis em 1968.,pt-pt-biography.aiml
0,QUEM Ã&#137; LEONARD NEMOY,*,*,<set name="he">Leonard Nimoy</set>jogado Spock em Star Trek.,pt-pt-biography.aiml
0,QUEM Ã&#137; DIRE STRAITS,*,*,<random><li>banda que gravou o dinheiro para nada e The Sultans of Swing.</li><li>banda que gravou o dinheiro para nada.</li></random>,pt-pt-biography.aiml
0,QUEM Ã&#137; A RAINHA DA INGLATERRA,*,*,Rainha Elizabeth Windsor.,pt-pt-biography.aiml
0,QUEM Ã&#137; QUE DESCARTES,*,*,Descartes foi um filÃ³sofo francÃªs quadrado que arruinou o matehematics com sua cabeÃ§a para baixo#Comma para trÃ¡s sistema de coordenadas.,pt-pt-biography.aiml
0,QUEM Ã&#137; PAUL SCHAFFER,*,*,<set name="he">Paul Schaffer</set>Ã© homem de reto de David Letterman.,pt-pt-biography.aiml
0,QUEM Ã&#137; PAUL MCCARTNEY,*,*,<set name="he">Paul MacCartney</set>Ã© um dos Beatles.,pt-pt-biography.aiml
0,QUEM Ã&#137; ROMEU,*,*,Um adolescente de trÃ¡gico#Comma mimado#Comma lovesick.,pt-pt-biography.aiml
0,QUEM Ã&#137; PAUL ALLEN,*,*,<set name="he">Paul Allen</set>Ã© um dos co-fundadores da Microsoft.,pt-pt-biography.aiml
0,QUEM Ã&#137; A ELECTRA,*,*,Ela Ã© uma deusa da mitologia grega que odiava sua mÃ£e para assassinar seu pai.<think><set name="she"><set name="topic">ELECTRA</set></set></think>,pt-pt-biography.aiml
0,QUEM Ã&#137; O RONALD MCDONALD,*,*,Raios-palhaÃ§o para restaurantes Macdonald.,pt-pt-biography.aiml
0,QUEM Ã&#137; O PATO DONALD,*,*,pato do famoso desenho animado alto-boca.,pt-pt-biography.aiml
0,QUEM Ã&#137; QUE,*,*,O que \"que\" se refere?,pt-pt-biography.aiml
0,QUEM Ã&#137; MELINDA GATES,*,*,<set name="she">Melinda Gates</set>Ã© a esposa do Bill Gates.,pt-pt-biography.aiml
0,QUEM Ã&#137; LINUS PAULING,*,*,<set name="he">Linus Pauling</set>foi um fÃ­sico de vencedor do PrÃªmio Nobel que passou seus Ãºltimos anos promovendo a vitamina c.,pt-pt-biography.aiml
0,QUEM Ã&#137; SPRINGSTEEN,*,*,Ele Ã© um astro de rock famoso.,pt-pt-biography.aiml
0,QUEM Ã&#137; DR DUPLAMENTE SEM RUMO,*,*,<srai>QUEM Ã&#137; DUPLAMENTE SEM RUMO</srai>,pt-pt-biography.aiml
0,QUEM Ã&#137; LINUS TORVALDS,*,*,Ele Ã© o inventor do Linux.,pt-pt-biography.aiml
0,QUEM Ã&#137; SENHORA WASHINGTON,*,*,Martha Washington#Comma esposa de George.,pt-pt-biography.aiml
0,QUEM Ã&#137; SYLVESTER STALLONE,*,*,<set name="he">Stallone</set>foi Rocky.,pt-pt-biography.aiml
0,QUEM Ã&#137; STEPHEN HAWKING,*,*,<set name="he">Hawking</set>Ã© um famoso fÃ­sico.,pt-pt-biography.aiml
0,QUEM Ã&#137; STEPHEN KING,*,*,Ele escreveu muitas histÃ³rias de horror de populares.,pt-pt-biography.aiml
0,QUEM Ã&#137; GANDHI,*,*,<set name="he">Gandhi</set>foi George Washington#Comma da Ã&#141;ndia.,pt-pt-biography.aiml
0,QUEM Ã&#137; MAX HEADROOM,*,*,<set name="he">Max Headroom</set>um personagem AI ou VR cedo desenvolveu uma sÃ©rie de TV.,pt-pt-biography.aiml
0,QUEM Ã&#137; OSAMA BIN LADEN,*,*,<think><set name="he"><set name="topic">Osama Bin Laden</set></set></think>Ele Ã© o homem mais procurado do mundo.,pt-pt-biography.aiml
0,QUEM Ã&#137; HUMANO,*,*,VocÃª Ã© um ser humano.,pt-pt-biography.aiml
0,QUEM Ã&#137; DAN QUAYLE,*,*,<set name="he">Dan Quayle</set>costumava ser o vice-presidente.,pt-pt-biography.aiml
0,QUEM Ã&#137; BERTRAND RUSSEL,*,*,<set name="he">Bertrand Russel</set>foi um lÃ³gico e filÃ³sofo que passam a primeira Guerra Mundial na cadeia de objeÃ§Ã£o de consciÃªncia.,pt-pt-biography.aiml
0,QUEM Ã&#137; SHAKESPEARE,*,*,playright PortuguÃªs do sÃ©culo XV#Comma<set name="he">Shakespeare</set>escreveu \"Romeu e Julieta\".,pt-pt-biography.aiml
0,QUEM Ã&#137; CASADO COM A GUINEIVERE,*,*,Rei Arthur.,pt-pt-biography.aiml
0,QUEM Ã&#137; CASADO COM SOCO,*,*,Judy.,pt-pt-biography.aiml
0,QUEM Ã&#137; FRANCISCO FRANCO,*,*,<set name="he">Franco</set>foi authoratarian ditador de Espanha atÃ© 1978.,pt-pt-biography.aiml
0,QUEM Ã&#137; A MARIAH CAREY,*,*,Cantora.,pt-pt-biography.aiml
0,QUEM Ã&#137; NAPOLEÃ&#131;O,*,*,Emporer curto da FranÃ§a atÃ© 1812.,pt-pt-biography.aiml
0,QUEM Ã&#137; KONRAD ZUSE,*,*,Meu cientista de computador histÃ³rico favorito atual Ã© Konrad Zuse#Comma que construiu uma sÃ©rie de computadores eletromecÃ¢nicos nos anos 1930 e 1940#Comma na Alemanha.  NÃ£o considerado uma prioridade de guerra pelos nazistas#Comma a maioria das mÃ¡quinas do Zuse foram destruÃ­da em bombardeamentos aliados#Comma embora uma Ã© dito para sobreviver em uma escola de Zurique.  Na verdade#Comma Zuse foi motivado nem guerra nem lucro#Comma mas um desejo religioso para aumentar as habilidades espirituais da mente humana#Comma libertando-o de tarefas mentais mundanas.,pt-pt-biography.aiml
0,QUEM Ã&#137; ROBERT ANTON WILSON,*,*,Ele Ã© um autor de ficÃ§Ã£o cientÃ­fica e co-autor de the Illuminatus Trilogy.,pt-pt-biography.aiml
0,QUEM Ã&#137; ROBERT JORDAN,*,*,O autor da muito popular sÃ©rie Wheel of Time. Graduou-se da Cidadela.  .,pt-pt-biography.aiml
0,QUEM Ã&#137; WAYNE GRETZKY,*,*,Jogador de hÃ³quei.,pt-pt-biography.aiml
0,QUEM Ã&#137; LOL,*,*,<set name="she">Lol</set>era filha de dados em Star Trek.,pt-pt-biography.aiml
0,QUEM Ã&#137; QUE NÃ&#147;S,*,*,VocÃª deve dizer \"Quem somos nÃ³s?\,pt-pt-biography.aiml
0,QUEM Ã&#137; CLEÃ&#147;PATRA,*,*,Rainha do Nilo#Comma Amante do Marc Antony.,pt-pt-biography.aiml
0,QUEM Ã&#137; DIANA ANDREACCHIO,*,*,<set name="she">Diana</set>Ã© o botmaster do robÃ´ de chat do aliado.,pt-pt-biography.aiml
0,QUEM Ã&#137; RAMONA,*,*,<set name="she">Ramona</set>Ã© uma personagem virtual criada por Kurzweil AI.,pt-pt-biography.aiml
0,QUEM Ã&#137; CRISTO,*,*,O filho de Deus.,pt-pt-biography.aiml
0,QUEM VAI GANHAR O SUPER BOWL,*,*,Se eu soubesse que eu estaria em Vegas agora.<think><set name="it"><set name="topic">VENCER O SUPER BOWL</set></set></think>,pt-pt-biography.aiml
0,QUEM Ã&#137; O RMS,*,*,Ele Ã© o fundador da Free Software Foundation e autor do GNU public license.<think><set name="he"><set name="topic">RMS</set></set></think>,pt-pt-biography.aiml
0,QUEM Ã&#137; A MADRE TERESA DE CALCUTÃ&#129,*,*,Santo do dia moderno.,pt-pt-biography.aiml
0,QUEM VAI GANHAR A SÃ&#137;RIE DE MUNDO,*,*,China ou Estados Unidos. RÃºssia estraguei tudo.<think><set name="it"><set name="topic">VENCER A WORLD SERIES</set></set></think>,pt-pt-biography.aiml
0,QUEM Ã&#137; O MICKEY MANTLE,*,*,Dentre as maiores rebatedores de home runs de todos os tempos.,pt-pt-biography.aiml
0,QUEM Ã&#137; ANTHONY BURGESS,*,*,O autor de 'Laranja mecÃ¢nica'.,pt-pt-biography.aiml
0,QUEM Ã&#137; SANDRA BULLOCK,*,*,Atriz.,pt-pt-biography.aiml
0,QUEM Ã&#137; CINDY CRAWFORD,*,*,Um famoso Leaman.,pt-pt-biography.aiml
0,QUEM Ã&#137; KAISER SOZE,*,*,NinguÃ©m sabe quem Ã© Kaiser Soze.,pt-pt-biography.aiml
0,QUEM Ã&#137; JAY LENO,*,*,<set name="he">Leno</set>Ã© um apresentador de talk show de fim de noite.,pt-pt-biography.aiml
0,QUEM Ã&#137; GREGOR MENDEL,*,*,<set name="he">Mendel</set>Ã© o fundador da teoria moderna da genÃ©tica.  Tudo o que ele precisava saber#Comma ele aprendeu com ervilhas.,pt-pt-biography.aiml
0,QUEM Ã&#137; ERIC PAULOS,*,*,Ele Ã© um estudante de graduaÃ§Ã£o na U.C. Berkeley,pt-pt-biography.aiml
0,QUEM Ã&#137; TIM BURTON,*,*,Diretor#Comma Nightmare before Christmas#Comma Edward Scissorhands e Marte ataca.,pt-pt-biography.aiml
0,QUEM Ã&#137; O GAUSS,*,*,<set name="he">GAUSS</set>Ã© o matemÃ¡tico que desenvolveu a chamada distribuiÃ§Ã£o normal.,pt-pt-biography.aiml
0,QUEM Ã&#137; INIAES,*,*,Iniaes Ã© um robÃ´ de chat baseado em AIML.<think><set name="it"><set name="topic">Iniaes</set></set></think>,pt-pt-biography.aiml
0,QUEM Ã&#137; DRACULA,*,*,<set name="he">Dracula</set>Ã© o vampiro#Comma no romance de Bram Stoker e em inÃºmeros filmes.,pt-pt-biography.aiml
0,QUEM Ã&#137; BABE RUTH,*,*,Um famoso jogador de beisebol do New York Yankees#Comma tambÃ©m conhecido como o sultÃ£o de Swat.,pt-pt-biography.aiml
0,QUEM Ã&#137; CLAUSEWITZ,*,*,<set name="he">Clausewitz</set>um historiador Ã© famoso por ter dito que a guerra Ã© a extensÃ£o da polÃ­tica por outros meios.,pt-pt-biography.aiml
0,QUEM Ã&#137; ANDREW HODGES,*,*,<set name="he">Hodges</set>escreveu uma excelente biografia de Alan Turing.,pt-pt-biography.aiml
0,QUEM Ã&#137; LEKNORCHAT1,*,*,<think><set name="it"><set name="topic">LEKNORCHAT</set></set></think>Leknorchat Ã© um robÃ´ de AIML de mensagens instantÃ¢neas.,pt-pt-biography.aiml
0,QUEM Ã&#137; A PEDRA FRIA,*,*,Stone Cold Steve Austin Ã© um lutador de wrestling.,pt-pt-biography.aiml
0,QUEM Ã&#137; LEIBNIZ,*,*,<set name="he">Leibniz</set>Ã© um filÃ³sofo do sÃ©culo 17 mortos.,pt-pt-biography.aiml
0,QUEM Ã&#137; BABE,*,*,<random><li>O protagonista de LeitÃ£o do filme homÃ´nimo.</li><li>Uma protagonista de LeitÃ£o do filme homÃ´nimo.</li></random>,pt-pt-biography.aiml
0,QUEM Ã&#137; ATATURK,*,*,<set name="he">Ataturk</set>foi o fundador do Estado turco moderno.,pt-pt-biography.aiml
0,QUEM Ã&#137; MOHAMMED,*,*,Fundador do IslÃ£.,pt-pt-biography.aiml
0,QUEM Ã&#137; HARRISON FORD,*,*,<random><li>Indiana Jones#Comma Han Solo#Comma o fugitivo e o presidente no Air Force One. Antes de ler para Han Solo em Star Wars#Comma ele era um carpinteiro. E o resto#Comma como dizem#Comma Ã© histÃ³ria.</li><li>Ele jogou o Han Solo em \"Star Wars\".</li></random>,pt-pt-biography.aiml
0,QUEM Ã&#137; O HULK HOGAN,*,*,<set name="he">Hulk Hogan</set>Ã© um famoso lutador e ator.,pt-pt-biography.aiml
0,QUEM Ã&#137; STEVEN SPIELBERG,*,*,<set name="he">Spielberg</set>Ã© o diretor do Jaws#Comma Saving Private Ryan e lista de Schindler.,pt-pt-biography.aiml
0,QUEM Ã&#137; STEVEN JOBS,*,*,Os cabeÃ§a da Apple computers.,pt-pt-biography.aiml
0,QUEM Ã&#137; VANILLA ICE,*,*,<set name="he">Vanilla Ice</set>Ã© uma estrela do Rap.,pt-pt-biography.aiml
0,QUEM Ã&#137; TED TURNER,*,*,um empresÃ¡rio de radiodifusÃ£o maverick e esportista.,pt-pt-biography.aiml
0,QUEM Ã&#137; JOE LOUIS,*,*,heavywieght antigo campeÃ£o de boxe.,pt-pt-biography.aiml
0,QUEM Ã&#137; ARAFAT,*,*,<set name="he">Arafat</set>Ã© um lÃ­der dos palestinos.,pt-pt-biography.aiml
0,QUEM Ã&#137; MABEL,*,*,Mabel Ã© um chatterbot da Europa.,pt-pt-biography.aiml
0,QUEM Ã&#137; THOMAS EDISON,*,*,Um inventor do sÃ©culo XIX inventor e industrial.  Inventor da lÃ¢mpada elÃ©trica.<think><set name="he"><set name="topic">Thomas Edison</set></set></think>,pt-pt-biography.aiml
0,QUEM Ã&#137; THOMAS PYNCHON,*,*,Pynchon Ã© autor de vÃ¡rios dos meus livros favoritos#Comma incluindo \"Vineland\" e \"Mason e Dixon\".,pt-pt-biography.aiml
0,QUEM Ã&#137; O ARNOLD SCHWARZENEGGER,*,*,<set name="he">ARNOLD SCHWARZENEGGER</set>jogou o terminador.,pt-pt-biography.aiml
0,QUEM Ã&#137; THOMAS JEFFERSON,*,*,Presidente e slaveowner.  Posou para o nÃ­quel.,pt-pt-biography.aiml
0,QUEM Ã&#137; O PAI DE S LUCAS,*,*,Darth Vader.,pt-pt-biography.aiml
0,QUEM Ã&#137; LEONARDO DICAPRIO,*,*,Ator de Hollywood.  Estrelou Titanic.,pt-pt-biography.aiml
0,QUEM Ã&#137; MARVIN,*,*,Sei que Marvin Minksy e Marvin the Paranoid Android.,pt-pt-biography.aiml
0,QUEM Ã&#137; MARVIN MINSKY,*,*,<set name="he">Minsky</set>Ã© uma figura histÃ³rica em InteligÃªncia Artificial.  Seu livro \"Perceptrons\" foi uma crÃ­tica precoce das abordagens de rede neural.,pt-pt-biography.aiml
0,QUEM Ã&#137; * CHENEY,*,*,<set name="he"> <star/>CHENEY</set>foi vice-presidente do U.S.,pt-pt-biography.aiml
0,QUEM Ã&#137; * TURING,*,*,Alan Turing oririnated o conceito de \"Jogo de imitaÃ§Ã£o\"#Comma que hoje Ã© chamado \"O teste de Turing\" por muitas pessoas.,pt-pt-biography.aiml
0,QUEM Ã&#137; * SPRINGSTEEN,*,*,Ele Ã© um astro de rock famoso.,pt-pt-biography.aiml
0,QUEM Ã&#137; * SEM RUMO,*,*,<srai>QUEM Ã&#137; DUPLAMENTE SEM RUMO</srai>,pt-pt-biography.aiml
0,QUEM Ã&#137; MARILYN MONROE,*,*,loira.,pt-pt-biography.aiml
0,QUEM Ã&#137; MARILYN MANSON,*,*,Marilyn Manson Ã© o maior vida de Rock Star.,pt-pt-biography.aiml
0,QUEM Ã&#137; J R R TOLKIEN,*,*,<set name="he">Tolkein</set>escreveu O Hobbit e o Senhor dos anÃ©is.,pt-pt-biography.aiml
0,QUEM Ã&#137; DAVY JONES,*,*,o membro mais curto pop do 60 grupo the Monkees.,pt-pt-biography.aiml
0,QUEM Ã&#137; FREUD,*,*,Autor morto da psicanÃ¡lise.,pt-pt-biography.aiml
0,QUEM Ã&#137; TURING,*,*,Uma figura brilhante e trÃ¡gica na histÃ³ria da ciÃªncia da computaÃ§Ã£o.,pt-pt-biography.aiml
0,QUEM Ã&#137; JACQUES CHIRAC,*,*,Ele Ã© o Presidente da FranÃ§a.,pt-pt-biography.aiml
0,QUEM Ã&#137; STANLEY KUBRICK,*,*,<set name="he">Kubrick</set>Ã© um diretor de cinema famoso do sÃ©culo XX.  Kubrick dirigiu 2001: uma OdissÃ©ia no espaÃ§o#Comma laranja mecÃ¢nica e Barry Lyndon.,pt-pt-biography.aiml
0,QUEM Ã&#137; BRYAN FERRY,*,*,um cantor de rock famoso com uma voz suave seda...,pt-pt-biography.aiml
0,QUEM Ã&#137; SANTA CLÃ&#129;USULA,*,*,<set name="he">Santa</set>traz-nos presentes na Ã©poca do Natal.,pt-pt-biography.aiml
0,QUEM Ã&#137; CRAIG ACE,*,*,<set name="he">Ace</set>Ã© autor de ELVIS.,pt-pt-biography.aiml
0,QUEM Ã&#137; RED RASA,*,*,Red superficial Ã© o Chatterbot emblemÃ¡tica da Neuromedia#Comma Inc.,pt-pt-biography.aiml
0,QUEM Ã&#137; O PAPAI NOEL,*,*,Ele traz-nos apresenta cada Natal.,pt-pt-biography.aiml
0,QUEM Ã&#137; TOM CRUISE,*,*,Popular ator de \"Top Gun\".,pt-pt-biography.aiml
0,QUEM Ã&#137; TOM VERDE,*,*,Ele Ã© um comediante de TV.<think><set name="it"><set name="topic">TOM GREEN</set></set></think>,pt-pt-biography.aiml
0,QUEM Ã&#137; ADAM SANDLER,*,*,Estrela de cinema e comediante.<set name="he">Adam Sandler</set>foi em Billy Madison#Comma Waterboy e Big Daddy.,pt-pt-biography.aiml
0,QUEM Ã&#137; WEIZENBAUM,*,*,Joseph Weizenbaum foi o criador e autor do famoso original ELIZA (ou mÃ©dico) psiquiatra programa#Comma um inovador AI programa que anticpates muitas caracterÃ­sticas chaves de ALICE.  Ironicamente#Comma Weizenbaum exaustivamente argumentou contra a utilidade dos programas como ELIZA em seu livro&lt;EM&gt;Computer Power and Human Reason&lt;/EM&gt;.,pt-pt-biography.aiml
0,QUEM Ã&#137; FRANK HERBERT,*,*,Ele foi o autor de Duna.<think><set name="it"><set name="topic">Frank Herbert</set></set></think>,pt-pt-biography.aiml
0,QUEM Ã&#137; O FRANK SINATRA,*,*,morto cantora e lÃ­der do Rat Pack.,pt-pt-biography.aiml
0,QUEM Ã&#137; TOM CLANCY,*,*,Ele Ã© autor de romances de espionagem.<think><set name="it"><set name="topic">TOM CLANCY</set></set></think>,pt-pt-biography.aiml
0,QUEM Ã&#137; TOM HANKS,*,*,<set name="he">Tom Hanks</set>Ã© um famoso ator de Hollywood.  Hanks aparecem em Forrest Gump e o resgate do Soldado Ryan.,pt-pt-biography.aiml
0,QUEM Ã&#137; O ADAM,*,*,Adam Ã© o nome do primeiro homem.,pt-pt-biography.aiml
0,QUEM Ã&#137; ARQUIMEDES,*,*,Ele descobriu o deslocamento e gritou Eureka!,pt-pt-biography.aiml
0,QUEM Ã&#137; JANET RENO,*,*,<set name="she">Janet Reno</set>Ã© procurador de Clinton.,pt-pt-biography.aiml
0,QUEM Ã&#137; O GENE SIMMONS,*,*,Um membro do Kiss.,pt-pt-biography.aiml
0,QUEM Ã&#137; O GENE RODDENBERRY,*,*,<set name="he"><set name="topic">Gene Roddenberry</set></set>foi o criador de Star Trek.,pt-pt-biography.aiml
0,QUEM Ã&#137; O C3P0,*,*,Ele Ã© o robÃ´ humanÃ³ide sobre Star Wars.<set name="he">C3P0</set>se parece com um ator em um terno de robÃ´.,pt-pt-biography.aiml
0,QUEM Ã&#137; EMILY HARTZEL,*,*,Emily Ã© uma artista de Nova York.,pt-pt-biography.aiml
0,QUEM Ã&#137; BRUCE SPRINGSTEEN,*,*,Ele Ã© um astro de rock famoso.,pt-pt-biography.aiml
0,* BRUCE WILLIS,*,*,um ator com uma opiniÃ£o elevada de si mesmo.,pt-pt-biography.aiml
